
--- register_shortcuts called at 2026-03-14T15:54:07.078593 ---
{"File Manager": "Ctrl+Alt+F", "Notepad": "Ctrl+Alt+N", "Terminal": "Ctrl+Alt+T", "Calculator": "Ctrl+Alt+C", "Settings": "Ctrl+Alt+S", "Web Browser": "Ctrl+Alt+W"}
Bound <Control-Alt-KeyPress-f> -> File Manager
Bound <Control-Alt-f> -> File Manager
Bound <Control-Alt-F> -> File Manager
Bound <Control-Alt-KeyPress-F> -> File Manager
Bound <Control-Alt-KeyPress-N> -> Notepad
Bound <Control-Alt-N> -> Notepad
Bound <Control-Alt-KeyPress-n> -> Notepad
Bound <Control-Alt-n> -> Notepad
Bound <Control-Alt-T> -> Terminal
Bound <Control-Alt-KeyPress-t> -> Terminal
Bound <Control-Alt-t> -> Terminal
Bound <Control-Alt-KeyPress-T> -> Terminal
Bound <Control-Alt-c> -> Calculator
Bound <Control-Alt-KeyPress-c> -> Calculator
Bound <Control-Alt-KeyPress-C> -> Calculator
Bound <Control-Alt-C> -> Calculator
Bound <Control-Alt-KeyPress-s> -> Settings
Bound <Control-Alt-s> -> Settings
Bound <Control-Alt-S> -> Settings
Bound <Control-Alt-KeyPress-S> -> Settings
Bound <Control-Alt-KeyPress-w> -> Web Browser
Bound <Control-Alt-KeyPress-W> -> Web Browser
Bound <Control-Alt-W> -> Web Browser
Bound <Control-Alt-w> -> Web Browser

--- register_shortcuts called at 2026-03-14T16:14:11.310503 ---
{"File Manager": "Ctrl+Alt+F", "Notepad": "Ctrl+Alt+N", "Terminal": "Ctrl+Alt+T", "Calculator": "Ctrl+Alt+C", "Settings": "Ctrl+Alt+S", "Web Browser": "Ctrl+Alt+W"}
Bound <Control-Alt-F> -> File Manager
Bound <Control-Alt-f> -> File Manager
Bound <Control-Alt-KeyPress-f> -> File Manager
Bound <Control-Alt-KeyPress-F> -> File Manager
Bound <Control-Alt-N> -> Notepad
Bound <Control-Alt-KeyPress-n> -> Notepad
Bound <Control-Alt-n> -> Notepad
Bound <Control-Alt-KeyPress-N> -> Notepad
Bound <Control-Alt-T> -> Terminal
Bound <Control-Alt-KeyPress-t> -> Terminal
Bound <Control-Alt-t> -> Terminal
Bound <Control-Alt-KeyPress-T> -> Terminal
Bound <Control-Alt-C> -> Calculator
Bound <Control-Alt-KeyPress-C> -> Calculator
Bound <Control-Alt-KeyPress-c> -> Calculator
Bound <Control-Alt-c> -> Calculator
Bound <Control-Alt-S> -> Settings
Bound <Control-Alt-KeyPress-s> -> Settings
Bound <Control-Alt-KeyPress-S> -> Settings
Bound <Control-Alt-s> -> Settings
Bound <Control-Alt-w> -> Web Browser
Bound <Control-Alt-W> -> Web Browser
Bound <Control-Alt-KeyPress-W> -> Web Browser
Bound <Control-Alt-KeyPress-w> -> Web Browser

--- register_shortcuts called at 2026-03-21T14:34:46.085914 ---
{"File Manager": "Ctrl+Alt+F", "Notepad": "Ctrl+Alt+N", "Terminal": "Ctrl+Alt+T", "Calculator": "Ctrl+Alt+C", "Settings": "Ctrl+Alt+S", "Web Browser": "Ctrl+Alt+W"}
Bound <Control-Alt-KeyPress-F> -> File Manager
Bound <Control-Alt-KeyPress-f> -> File Manager
Bound <Control-Alt-F> -> File Manager
Bound <Control-Alt-f> -> File Manager
Bound <Control-Alt-N> -> Notepad
Bound <Control-Alt-KeyPress-N> -> Notepad
Bound <Control-Alt-n> -> Notepad
Bound <Control-Alt-KeyPress-n> -> Notepad
Bound <Control-Alt-T> -> Terminal
Bound <Control-Alt-KeyPress-T> -> Terminal
Bound <Control-Alt-KeyPress-t> -> Terminal
Bound <Control-Alt-t> -> Terminal
Bound <Control-Alt-KeyPress-c> -> Calculator
Bound <Control-Alt-C> -> Calculator
Bound <Control-Alt-KeyPress-C> -> Calculator
Bound <Control-Alt-c> -> Calculator
Bound <Control-Alt-S> -> Settings
Bound <Control-Alt-KeyPress-S> -> Settings
Bound <Control-Alt-s> -> Settings
Bound <Control-Alt-KeyPress-s> -> Settings
Bound <Control-Alt-KeyPress-w> -> Web Browser
Bound <Control-Alt-W> -> Web Browser
Bound <Control-Alt-w> -> Web Browser
Bound <Control-Alt-KeyPress-W> -> Web Browser

--- register_shortcuts called at 2026-03-21T16:48:50.586583 ---
{"File Manager": "Ctrl+Alt+F", "Notepad": "Ctrl+Alt+N", "Terminal": "Ctrl+Alt+T", "Calculator": "Ctrl+Alt+C", "Settings": "Ctrl+Alt+S", "Web Browser": "Ctrl+Alt+W"}
Bound <Control-Alt-KeyPress-f> -> File Manager
Bound <Control-Alt-f> -> File Manager
Bound <Control-Alt-F> -> File Manager
Bound <Control-Alt-KeyPress-F> -> File Manager
Bound <Control-Alt-n> -> Notepad
Bound <Control-Alt-KeyPress-n> -> Notepad
Bound <Control-Alt-N> -> Notepad
Bound <Control-Alt-KeyPress-N> -> Notepad
Bound <Control-Alt-T> -> Terminal
Bound <Control-Alt-KeyPress-T> -> Terminal
Bound <Control-Alt-t> -> Terminal
Bound <Control-Alt-KeyPress-t> -> Terminal
Bound <Control-Alt-KeyPress-C> -> Calculator
Bound <Control-Alt-KeyPress-c> -> Calculator
Bound <Control-Alt-c> -> Calculator
Bound <Control-Alt-C> -> Calculator
Bound <Control-Alt-KeyPress-S> -> Settings
Bound <Control-Alt-KeyPress-s> -> Settings
Bound <Control-Alt-S> -> Settings
Bound <Control-Alt-s> -> Settings
Bound <Control-Alt-W> -> Web Browser
Bound <Control-Alt-KeyPress-w> -> Web Browser
Bound <Control-Alt-w> -> Web Browser
Bound <Control-Alt-KeyPress-W> -> Web Browser

--- register_shortcuts called at 2026-03-21T16:49:52.070090 ---
{"File Manager": "Ctrl+Alt+F", "Notepad": "Ctrl+Alt+N", "Terminal": "Ctrl+Alt+T", "Calculator": "Ctrl+Alt+C", "Settings": "Ctrl+Alt+S", "Web Browser": "Ctrl+Alt+W"}
Bound <Control-Alt-KeyPress-F> -> File Manager
Bound <Control-Alt-f> -> File Manager
Bound <Control-Alt-F> -> File Manager
Bound <Control-Alt-KeyPress-f> -> File Manager
Bound <Control-Alt-n> -> Notepad
Bound <Control-Alt-N> -> Notepad
Bound <Control-Alt-KeyPress-n> -> Notepad
Bound <Control-Alt-KeyPress-N> -> Notepad
Bound <Control-Alt-KeyPress-T> -> Terminal
Bound <Control-Alt-t> -> Terminal
Bound <Control-Alt-KeyPress-t> -> Terminal
Bound <Control-Alt-T> -> Terminal
Bound <Control-Alt-KeyPress-C> -> Calculator
Bound <Control-Alt-KeyPress-c> -> Calculator
Bound <Control-Alt-c> -> Calculator
Bound <Control-Alt-C> -> Calculator
Bound <Control-Alt-KeyPress-S> -> Settings
Bound <Control-Alt-s> -> Settings
Bound <Control-Alt-S> -> Settings
Bound <Control-Alt-KeyPress-s> -> Settings
Bound <Control-Alt-w> -> Web Browser
Bound <Control-Alt-W> -> Web Browser
Bound <Control-Alt-KeyPress-W> -> Web Browser
Bound <Control-Alt-KeyPress-w> -> Web Browser

--- register_shortcuts called at 2026-03-21T16:51:07.887616 ---
{"File Manager": "Ctrl+Alt+F", "Notepad": "Ctrl+Alt+N", "Terminal": "Ctrl+Alt+T", "Calculator": "Ctrl+Alt+C", "Settings": "Ctrl+Alt+S", "Web Browser": "Ctrl+Alt+W"}
Bound <Control-Alt-f> -> File Manager
Bound <Control-Alt-F> -> File Manager
Bound <Control-Alt-KeyPress-F> -> File Manager
Bound <Control-Alt-KeyPress-f> -> File Manager
Bound <Control-Alt-KeyPress-n> -> Notepad
Bound <Control-Alt-N> -> Notepad
Bound <Control-Alt-KeyPress-N> -> Notepad
Bound <Control-Alt-n> -> Notepad
Bound <Control-Alt-KeyPress-T> -> Terminal
Bound <Control-Alt-t> -> Terminal
Bound <Control-Alt-KeyPress-t> -> Terminal
Bound <Control-Alt-T> -> Terminal
Bound <Control-Alt-c> -> Calculator
Bound <Control-Alt-KeyPress-c> -> Calculator
Bound <Control-Alt-C> -> Calculator
Bound <Control-Alt-KeyPress-C> -> Calculator
Bound <Control-Alt-KeyPress-S> -> Settings
Bound <Control-Alt-S> -> Settings
Bound <Control-Alt-KeyPress-s> -> Settings
Bound <Control-Alt-s> -> Settings
Bound <Control-Alt-KeyPress-w> -> Web Browser
Bound <Control-Alt-w> -> Web Browser
Bound <Control-Alt-KeyPress-W> -> Web Browser
Bound <Control-Alt-W> -> Web Browser

--- register_shortcuts called at 2026-03-21T16:55:55.285002 ---
{"File Manager": "Ctrl+Alt+F", "Notepad": "Ctrl+Alt+N", "Terminal": "Ctrl+Alt+T", "Calculator": "Ctrl+Alt+C", "Settings": "Ctrl+Alt+S", "Web Browser": "Ctrl+Alt+W"}
Bound <Control-Alt-f> -> File Manager
Bound <Control-Alt-KeyPress-F> -> File Manager
Bound <Control-Alt-F> -> File Manager
Bound <Control-Alt-KeyPress-f> -> File Manager
Bound <Control-Alt-n> -> Notepad
Bound <Control-Alt-KeyPress-N> -> Notepad
Bound <Control-Alt-N> -> Notepad
Bound <Control-Alt-KeyPress-n> -> Notepad
Bound <Control-Alt-t> -> Terminal
Bound <Control-Alt-T> -> Terminal
Bound <Control-Alt-KeyPress-t> -> Terminal
Bound <Control-Alt-KeyPress-T> -> Terminal
Bound <Control-Alt-C> -> Calculator
Bound <Control-Alt-c> -> Calculator
Bound <Control-Alt-KeyPress-C> -> Calculator
Bound <Control-Alt-KeyPress-c> -> Calculator
Bound <Control-Alt-S> -> Settings
Bound <Control-Alt-s> -> Settings
Bound <Control-Alt-KeyPress-S> -> Settings
Bound <Control-Alt-KeyPress-s> -> Settings
Bound <Control-Alt-KeyPress-W> -> Web Browser
Bound <Control-Alt-W> -> Web Browser
Bound <Control-Alt-w> -> Web Browser
Bound <Control-Alt-KeyPress-w> -> Web Browser

--- register_shortcuts called at 2026-03-21T16:56:51.239366 ---
{"File Manager": "Ctrl+Alt+F", "Notepad": "Ctrl+Alt+N", "Terminal": "Ctrl+Alt+T", "Calculator": "Ctrl+Alt+C", "Settings": "Ctrl+Alt+S", "Web Browser": "Ctrl+Alt+W"}
Bound <Control-Alt-f> -> File Manager
Bound <Control-Alt-KeyPress-F> -> File Manager
Bound <Control-Alt-F> -> File Manager
Bound <Control-Alt-KeyPress-f> -> File Manager
Bound <Control-Alt-n> -> Notepad
Bound <Control-Alt-KeyPress-N> -> Notepad
Bound <Control-Alt-N> -> Notepad
Bound <Control-Alt-KeyPress-n> -> Notepad
Bound <Control-Alt-t> -> Terminal
Bound <Control-Alt-T> -> Terminal
Bound <Control-Alt-KeyPress-t> -> Terminal
Bound <Control-Alt-KeyPress-T> -> Terminal
Bound <Control-Alt-C> -> Calculator
Bound <Control-Alt-c> -> Calculator
Bound <Control-Alt-KeyPress-C> -> Calculator
Bound <Control-Alt-KeyPress-c> -> Calculator
Bound <Control-Alt-S> -> Settings
Bound <Control-Alt-s> -> Settings
Bound <Control-Alt-KeyPress-S> -> Settings
Bound <Control-Alt-KeyPress-s> -> Settings
Bound <Control-Alt-KeyPress-W> -> Web Browser
Bound <Control-Alt-W> -> Web Browser
Bound <Control-Alt-w> -> Web Browser
Bound <Control-Alt-KeyPress-w> -> Web Browser

--- register_shortcuts called at 2026-03-21T17:22:18.019193 ---
{"File Manager": "Ctrl+Alt+F", "Notepad": "Ctrl+Alt+N", "Terminal": "Ctrl+Alt+T", "Calculator": "Ctrl+Alt+C", "Settings": "Ctrl+Alt+S", "Web Browser": "Ctrl+Alt+W"}
Bound <Control-Alt-f> -> File Manager
Bound <Control-Alt-KeyPress-f> -> File Manager
Bound <Control-Alt-F> -> File Manager
Bound <Control-Alt-KeyPress-F> -> File Manager
Bound <Control-Alt-n> -> Notepad
Bound <Control-Alt-N> -> Notepad
Bound <Control-Alt-KeyPress-N> -> Notepad
Bound <Control-Alt-KeyPress-n> -> Notepad
Bound <Control-Alt-KeyPress-T> -> Terminal
Bound <Control-Alt-T> -> Terminal
Bound <Control-Alt-t> -> Terminal
Bound <Control-Alt-KeyPress-t> -> Terminal
Bound <Control-Alt-KeyPress-C> -> Calculator
Bound <Control-Alt-c> -> Calculator
Bound <Control-Alt-KeyPress-c> -> Calculator
Bound <Control-Alt-C> -> Calculator
Bound <Control-Alt-S> -> Settings
Bound <Control-Alt-KeyPress-S> -> Settings
Bound <Control-Alt-s> -> Settings
Bound <Control-Alt-KeyPress-s> -> Settings
Bound <Control-Alt-W> -> Web Browser
Bound <Control-Alt-KeyPress-W> -> Web Browser
Bound <Control-Alt-KeyPress-w> -> Web Browser
Bound <Control-Alt-w> -> Web Browser

--- register_shortcuts called at 2026-03-21T17:23:08.572706 ---
{"File Manager": "Ctrl+Alt+F", "Notepad": "Ctrl+Alt+N", "Terminal": "Ctrl+Alt+T", "Calculator": "Ctrl+Alt+C", "Settings": "Ctrl+Alt+S", "Web Browser": "Ctrl+Alt+W"}
Bound <Control-Alt-f> -> File Manager
Bound <Control-Alt-KeyPress-F> -> File Manager
Bound <Control-Alt-KeyPress-f> -> File Manager
Bound <Control-Alt-F> -> File Manager
Bound <Control-Alt-N> -> Notepad
Bound <Control-Alt-KeyPress-N> -> Notepad
Bound <Control-Alt-n> -> Notepad
Bound <Control-Alt-KeyPress-n> -> Notepad
Bound <Control-Alt-t> -> Terminal
Bound <Control-Alt-KeyPress-T> -> Terminal
Bound <Control-Alt-T> -> Terminal
Bound <Control-Alt-KeyPress-t> -> Terminal
Bound <Control-Alt-C> -> Calculator
Bound <Control-Alt-KeyPress-C> -> Calculator
Bound <Control-Alt-KeyPress-c> -> Calculator
Bound <Control-Alt-c> -> Calculator
Bound <Control-Alt-s> -> Settings
Bound <Control-Alt-KeyPress-s> -> Settings
Bound <Control-Alt-KeyPress-S> -> Settings
Bound <Control-Alt-S> -> Settings
Bound <Control-Alt-KeyPress-w> -> Web Browser
Bound <Control-Alt-W> -> Web Browser
Bound <Control-Alt-w> -> Web Browser
Bound <Control-Alt-KeyPress-W> -> Web Browser

--- register_shortcuts called at 2026-03-22T22:58:20.906714 ---
{"File Manager": "Ctrl+Alt+F", "Notepad": "Ctrl+Alt+N", "Terminal": "Ctrl+Alt+T", "Calculator": "Ctrl+Alt+C", "Settings": "Ctrl+Alt+S", "Web Browser": "Ctrl+Alt+W"}
Bound <Control-Alt-KeyPress-f> -> File Manager
Bound <Control-Alt-F> -> File Manager
Bound <Control-Alt-f> -> File Manager
Bound <Control-Alt-KeyPress-F> -> File Manager
Bound <Control-Alt-n> -> Notepad
Bound <Control-Alt-N> -> Notepad
Bound <Control-Alt-KeyPress-N> -> Notepad
Bound <Control-Alt-KeyPress-n> -> Notepad
Bound <Control-Alt-KeyPress-t> -> Terminal
Bound <Control-Alt-T> -> Terminal
Bound <Control-Alt-KeyPress-T> -> Terminal
Bound <Control-Alt-t> -> Terminal
Bound <Control-Alt-c> -> Calculator
Bound <Control-Alt-C> -> Calculator
Bound <Control-Alt-KeyPress-C> -> Calculator
Bound <Control-Alt-KeyPress-c> -> Calculator
Bound <Control-Alt-KeyPress-S> -> Settings
Bound <Control-Alt-S> -> Settings
Bound <Control-Alt-KeyPress-s> -> Settings
Bound <Control-Alt-s> -> Settings
Bound <Control-Alt-KeyPress-w> -> Web Browser
Bound <Control-Alt-w> -> Web Browser
Bound <Control-Alt-KeyPress-W> -> Web Browser
Bound <Control-Alt-W> -> Web Browser

--- register_shortcuts called at 2026-04-05T18:26:27.511101 ---
{"File Manager": "Ctrl+Alt+F", "Notepad": "Ctrl+Alt+N", "Terminal": "Ctrl+Alt+T", "Calculator": "Ctrl+Alt+C", "Settings": "Ctrl+Alt+S", "Web Browser": "Ctrl+Alt+W"}
Bound <Control-Alt-KeyPress-f> -> File Manager
Bound <Control-Alt-f> -> File Manager
Bound <Control-Alt-KeyPress-F> -> File Manager
Bound <Control-Alt-F> -> File Manager
Bound <Control-Alt-KeyPress-n> -> Notepad
Bound <Control-Alt-N> -> Notepad
Bound <Control-Alt-KeyPress-N> -> Notepad
Bound <Control-Alt-n> -> Notepad
Bound <Control-Alt-T> -> Terminal
Bound <Control-Alt-KeyPress-t> -> Terminal
Bound <Control-Alt-KeyPress-T> -> Terminal
Bound <Control-Alt-t> -> Terminal
Bound <Control-Alt-C> -> Calculator
Bound <Control-Alt-KeyPress-C> -> Calculator
Bound <Control-Alt-KeyPress-c> -> Calculator
Bound <Control-Alt-c> -> Calculator
Bound <Control-Alt-s> -> Settings
Bound <Control-Alt-KeyPress-s> -> Settings
Bound <Control-Alt-KeyPress-S> -> Settings
Bound <Control-Alt-S> -> Settings
Bound <Control-Alt-KeyPress-w> -> Web Browser
Bound <Control-Alt-KeyPress-W> -> Web Browser
Bound <Control-Alt-w> -> Web Browser
Bound <Control-Alt-W> -> Web Browser

--- register_shortcuts called at 2026-04-05T18:31:05.349969 ---
{"File Manager": "Ctrl+Alt+F", "Notepad": "Ctrl+Alt+N", "Terminal": "Ctrl+Alt+T", "Calculator": "Ctrl+Alt+C", "Settings": "Ctrl+Alt+S", "Web Browser": "Ctrl+Alt+W"}
Bound <Control-Alt-KeyPress-F> -> File Manager
Bound <Control-Alt-F> -> File Manager
Bound <Control-Alt-f> -> File Manager
Bound <Control-Alt-KeyPress-f> -> File Manager
Bound <Control-Alt-KeyPress-n> -> Notepad
Bound <Control-Alt-KeyPress-N> -> Notepad
Bound <Control-Alt-n> -> Notepad
Bound <Control-Alt-N> -> Notepad
Bound <Control-Alt-KeyPress-T> -> Terminal
Bound <Control-Alt-T> -> Terminal
Bound <Control-Alt-t> -> Terminal
Bound <Control-Alt-KeyPress-t> -> Terminal
Bound <Control-Alt-KeyPress-c> -> Calculator
Bound <Control-Alt-KeyPress-C> -> Calculator
Bound <Control-Alt-C> -> Calculator
Bound <Control-Alt-c> -> Calculator
Bound <Control-Alt-s> -> Settings
Bound <Control-Alt-KeyPress-s> -> Settings
Bound <Control-Alt-KeyPress-S> -> Settings
Bound <Control-Alt-S> -> Settings
Bound <Control-Alt-w> -> Web Browser
Bound <Control-Alt-KeyPress-W> -> Web Browser
Bound <Control-Alt-KeyPress-w> -> Web Browser
Bound <Control-Alt-W> -> Web Browser

--- register_shortcuts called at 2026-04-05T18:42:51.508500 ---
{"File Manager": "Ctrl+Alt+F", "Notepad": "Ctrl+Alt+N", "Terminal": "Ctrl+Alt+T", "Calculator": "Ctrl+Alt+C", "Settings": "Ctrl+Alt+S", "Web Browser": "Ctrl+Alt+W"}
Bound <Control-Alt-f> -> File Manager
Bound <Control-Alt-KeyPress-F> -> File Manager
Bound <Control-Alt-KeyPress-f> -> File Manager
Bound <Control-Alt-F> -> File Manager
Bound <Control-Alt-KeyPress-N> -> Notepad
Bound <Control-Alt-N> -> Notepad
Bound <Control-Alt-KeyPress-n> -> Notepad
Bound <Control-Alt-n> -> Notepad
Bound <Control-Alt-T> -> Terminal
Bound <Control-Alt-KeyPress-t> -> Terminal
Bound <Control-Alt-t> -> Terminal
Bound <Control-Alt-KeyPress-T> -> Terminal
Bound <Control-Alt-C> -> Calculator
Bound <Control-Alt-KeyPress-c> -> Calculator
Bound <Control-Alt-c> -> Calculator
Bound <Control-Alt-KeyPress-C> -> Calculator
Bound <Control-Alt-KeyPress-s> -> Settings
Bound <Control-Alt-KeyPress-S> -> Settings
Bound <Control-Alt-s> -> Settings
Bound <Control-Alt-S> -> Settings
Bound <Control-Alt-KeyPress-w> -> Web Browser
Bound <Control-Alt-KeyPress-W> -> Web Browser
Bound <Control-Alt-W> -> Web Browser
Bound <Control-Alt-w> -> Web Browser

--- register_shortcuts called at 2026-04-10T16:24:03.931599 ---
{"File Manager": "Ctrl+Alt+F", "Notepad": "Ctrl+Alt+N", "Terminal": "Ctrl+Alt+T", "Calculator": "Ctrl+Alt+C", "Settings": "Ctrl+Alt+S", "Web Browser": "Ctrl+Alt+W"}
Bound <Control-Alt-KeyPress-f> -> File Manager
Bound <Control-Alt-KeyPress-F> -> File Manager
Bound <Control-Alt-F> -> File Manager
Bound <Control-Alt-f> -> File Manager
Bound <Control-Alt-n> -> Notepad
Bound <Control-Alt-KeyPress-N> -> Notepad
Bound <Control-Alt-N> -> Notepad
Bound <Control-Alt-KeyPress-n> -> Notepad
Bound <Control-Alt-t> -> Terminal
Bound <Control-Alt-KeyPress-t> -> Terminal
Bound <Control-Alt-KeyPress-T> -> Terminal
Bound <Control-Alt-T> -> Terminal
Bound <Control-Alt-KeyPress-C> -> Calculator
Bound <Control-Alt-c> -> Calculator
Bound <Control-Alt-C> -> Calculator
Bound <Control-Alt-KeyPress-c> -> Calculator
Bound <Control-Alt-s> -> Settings
Bound <Control-Alt-KeyPress-S> -> Settings
Bound <Control-Alt-S> -> Settings
Bound <Control-Alt-KeyPress-s> -> Settings
Bound <Control-Alt-KeyPress-w> -> Web Browser
Bound <Control-Alt-KeyPress-W> -> Web Browser
Bound <Control-Alt-W> -> Web Browser
Bound <Control-Alt-w> -> Web Browser

--- register_shortcuts called at 2026-04-10T16:27:16.441147 ---
{"File Manager": "Ctrl+Alt+F", "Notepad": "Ctrl+Alt+N", "Terminal": "Ctrl+Alt+T", "Calculator": "Ctrl+Alt+C", "Settings": "Ctrl+Alt+S", "Web Browser": "Ctrl+Alt+W"}
Bound <Control-Alt-KeyPress-F> -> File Manager
Bound <Control-Alt-F> -> File Manager
Bound <Control-Alt-KeyPress-f> -> File Manager
Bound <Control-Alt-f> -> File Manager
Bound <Control-Alt-N> -> Notepad
Bound <Control-Alt-n> -> Notepad
Bound <Control-Alt-KeyPress-N> -> Notepad
Bound <Control-Alt-KeyPress-n> -> Notepad
Bound <Control-Alt-t> -> Terminal
Bound <Control-Alt-KeyPress-t> -> Terminal
Bound <Control-Alt-KeyPress-T> -> Terminal
Bound <Control-Alt-T> -> Terminal
Bound <Control-Alt-c> -> Calculator
Bound <Control-Alt-C> -> Calculator
Bound <Control-Alt-KeyPress-C> -> Calculator
Bound <Control-Alt-KeyPress-c> -> Calculator
Bound <Control-Alt-S> -> Settings
Bound <Control-Alt-KeyPress-s> -> Settings
Bound <Control-Alt-s> -> Settings
Bound <Control-Alt-KeyPress-S> -> Settings
Bound <Control-Alt-w> -> Web Browser
Bound <Control-Alt-KeyPress-w> -> Web Browser
Bound <Control-Alt-KeyPress-W> -> Web Browser
Bound <Control-Alt-W> -> Web Browser

--- register_shortcuts called at 2026-04-10T16:31:20.379454 ---
{"File Manager": "Ctrl+Alt+F", "Notepad": "Ctrl+Alt+N", "Terminal": "Ctrl+Alt+T", "Calculator": "Ctrl+Alt+C", "Settings": "Ctrl+Alt+S", "Web Browser": "Ctrl+Alt+W"}
Bound <Control-Alt-KeyPress-f> -> File Manager
Bound <Control-Alt-f> -> File Manager
Bound <Control-Alt-KeyPress-F> -> File Manager
Bound <Control-Alt-F> -> File Manager
Bound <Control-Alt-N> -> Notepad
Bound <Control-Alt-KeyPress-N> -> Notepad
Bound <Control-Alt-n> -> Notepad
Bound <Control-Alt-KeyPress-n> -> Notepad
Bound <Control-Alt-KeyPress-T> -> Terminal
Bound <Control-Alt-KeyPress-t> -> Terminal
Bound <Control-Alt-T> -> Terminal
Bound <Control-Alt-t> -> Terminal
Bound <Control-Alt-KeyPress-C> -> Calculator
Bound <Control-Alt-KeyPress-c> -> Calculator
Bound <Control-Alt-c> -> Calculator
Bound <Control-Alt-C> -> Calculator
Bound <Control-Alt-s> -> Settings
Bound <Control-Alt-S> -> Settings
Bound <Control-Alt-KeyPress-S> -> Settings
Bound <Control-Alt-KeyPress-s> -> Settings
Bound <Control-Alt-W> -> Web Browser
Bound <Control-Alt-KeyPress-w> -> Web Browser
Bound <Control-Alt-KeyPress-W> -> Web Browser
Bound <Control-Alt-w> -> Web Browser

--- register_shortcuts called at 2026-04-10T16:33:46.181498 ---
{"File Manager": "Ctrl+Alt+F", "Notepad": "Ctrl+Alt+N", "Terminal": "Ctrl+Alt+T", "Calculator": "Ctrl+Alt+C", "Settings": "Ctrl+Alt+S", "Web Browser": "Ctrl+Alt+W"}
Bound <Control-Alt-KeyPress-f> -> File Manager
Bound <Control-Alt-KeyPress-F> -> File Manager
Bound <Control-Alt-F> -> File Manager
Bound <Control-Alt-f> -> File Manager
Bound <Control-Alt-KeyPress-N> -> Notepad
Bound <Control-Alt-n> -> Notepad
Bound <Control-Alt-N> -> Notepad
Bound <Control-Alt-KeyPress-n> -> Notepad
Bound <Control-Alt-t> -> Terminal
Bound <Control-Alt-T> -> Terminal
Bound <Control-Alt-KeyPress-t> -> Terminal
Bound <Control-Alt-KeyPress-T> -> Terminal
Bound <Control-Alt-c> -> Calculator
Bound <Control-Alt-KeyPress-C> -> Calculator
Bound <Control-Alt-C> -> Calculator
Bound <Control-Alt-KeyPress-c> -> Calculator
Bound <Control-Alt-KeyPress-S> -> Settings
Bound <Control-Alt-S> -> Settings
Bound <Control-Alt-s> -> Settings
Bound <Control-Alt-KeyPress-s> -> Settings
Bound <Control-Alt-KeyPress-W> -> Web Browser
Bound <Control-Alt-w> -> Web Browser
Bound <Control-Alt-W> -> Web Browser
Bound <Control-Alt-KeyPress-w> -> Web Browser

--- register_shortcuts called at 2026-04-10T16:34:29.917912 ---
{"File Manager": "Ctrl+Alt+F", "Notepad": "Ctrl+Alt+N", "Terminal": "Ctrl+Alt+T", "Calculator": "Ctrl+Alt+C", "Settings": "Ctrl+Alt+S", "Web Browser": "Ctrl+Alt+W"}
Bound <Control-Alt-F> -> File Manager
Bound <Control-Alt-KeyPress-f> -> File Manager
Bound <Control-Alt-f> -> File Manager
Bound <Control-Alt-KeyPress-F> -> File Manager
Bound <Control-Alt-KeyPress-N> -> Notepad
Bound <Control-Alt-KeyPress-n> -> Notepad
Bound <Control-Alt-N> -> Notepad
Bound <Control-Alt-n> -> Notepad
Bound <Control-Alt-KeyPress-T> -> Terminal
Bound <Control-Alt-KeyPress-t> -> Terminal
Bound <Control-Alt-T> -> Terminal
Bound <Control-Alt-t> -> Terminal
Bound <Control-Alt-KeyPress-c> -> Calculator
Bound <Control-Alt-C> -> Calculator
Bound <Control-Alt-c> -> Calculator
Bound <Control-Alt-KeyPress-C> -> Calculator
Bound <Control-Alt-KeyPress-S> -> Settings
Bound <Control-Alt-S> -> Settings
Bound <Control-Alt-s> -> Settings
Bound <Control-Alt-KeyPress-s> -> Settings
Bound <Control-Alt-KeyPress-W> -> Web Browser
Bound <Control-Alt-W> -> Web Browser
Bound <Control-Alt-KeyPress-w> -> Web Browser
Bound <Control-Alt-w> -> Web Browser

--- register_shortcuts called at 2026-04-10T16:47:46.240067 ---
{"File Manager": "Ctrl+Alt+F", "Notepad": "Ctrl+Alt+N", "Terminal": "Ctrl+Alt+T", "Calculator": "Ctrl+Alt+C", "Settings": "Ctrl+Alt+S", "Web Browser": "Ctrl+Alt+W"}
Bound <Control-Alt-f> -> File Manager
Bound <Control-Alt-F> -> File Manager
Bound <Control-Alt-KeyPress-f> -> File Manager
Bound <Control-Alt-KeyPress-F> -> File Manager
Bound <Control-Alt-KeyPress-N> -> Notepad
Bound <Control-Alt-n> -> Notepad
Bound <Control-Alt-N> -> Notepad
Bound <Control-Alt-KeyPress-n> -> Notepad
Bound <Control-Alt-KeyPress-t> -> Terminal
Bound <Control-Alt-t> -> Terminal
Bound <Control-Alt-T> -> Terminal
Bound <Control-Alt-KeyPress-T> -> Terminal
Bound <Control-Alt-KeyPress-c> -> Calculator
Bound <Control-Alt-c> -> Calculator
Bound <Control-Alt-KeyPress-C> -> Calculator
Bound <Control-Alt-C> -> Calculator
Bound <Control-Alt-S> -> Settings
Bound <Control-Alt-s> -> Settings
Bound <Control-Alt-KeyPress-S> -> Settings
Bound <Control-Alt-KeyPress-s> -> Settings
Bound <Control-Alt-w> -> Web Browser
Bound <Control-Alt-KeyPress-w> -> Web Browser
Bound <Control-Alt-KeyPress-W> -> Web Browser
Bound <Control-Alt-W> -> Web Browser

--- register_shortcuts called at 2026-04-10T16:48:27.780222 ---
{"File Manager": "Ctrl+Alt+F", "Notepad": "Ctrl+Alt+N", "Terminal": "Ctrl+Alt+T", "Calculator": "Ctrl+Alt+C", "Settings": "Ctrl+Alt+S", "Web Browser": "Ctrl+Alt+W"}
Bound <Control-Alt-f> -> File Manager
Bound <Control-Alt-F> -> File Manager
Bound <Control-Alt-KeyPress-f> -> File Manager
Bound <Control-Alt-KeyPress-F> -> File Manager
Bound <Control-Alt-KeyPress-N> -> Notepad
Bound <Control-Alt-n> -> Notepad
Bound <Control-Alt-N> -> Notepad
Bound <Control-Alt-KeyPress-n> -> Notepad
Bound <Control-Alt-KeyPress-t> -> Terminal
Bound <Control-Alt-t> -> Terminal
Bound <Control-Alt-T> -> Terminal
Bound <Control-Alt-KeyPress-T> -> Terminal
Bound <Control-Alt-KeyPress-c> -> Calculator
Bound <Control-Alt-c> -> Calculator
Bound <Control-Alt-KeyPress-C> -> Calculator
Bound <Control-Alt-C> -> Calculator
Bound <Control-Alt-S> -> Settings
Bound <Control-Alt-s> -> Settings
Bound <Control-Alt-KeyPress-S> -> Settings
Bound <Control-Alt-KeyPress-s> -> Settings
Bound <Control-Alt-w> -> Web Browser
Bound <Control-Alt-KeyPress-w> -> Web Browser
Bound <Control-Alt-KeyPress-W> -> Web Browser
Bound <Control-Alt-W> -> Web Browser

--- register_shortcuts called at 2026-04-10T16:50:52.537068 ---
{"File Manager": "Ctrl+Alt+F", "Notepad": "Ctrl+Alt+N", "Terminal": "Ctrl+Alt+T", "Calculator": "Ctrl+Alt+C", "Settings": "Ctrl+Alt+S", "Web Browser": "Ctrl+Alt+W"}
Bound <Control-Alt-F> -> File Manager
Bound <Control-Alt-KeyPress-f> -> File Manager
Bound <Control-Alt-KeyPress-F> -> File Manager
Bound <Control-Alt-f> -> File Manager
Bound <Control-Alt-N> -> Notepad
Bound <Control-Alt-KeyPress-N> -> Notepad
Bound <Control-Alt-KeyPress-n> -> Notepad
Bound <Control-Alt-n> -> Notepad
Bound <Control-Alt-KeyPress-t> -> Terminal
Bound <Control-Alt-T> -> Terminal
Bound <Control-Alt-t> -> Terminal
Bound <Control-Alt-KeyPress-T> -> Terminal
Bound <Control-Alt-C> -> Calculator
Bound <Control-Alt-KeyPress-C> -> Calculator
Bound <Control-Alt-KeyPress-c> -> Calculator
Bound <Control-Alt-c> -> Calculator
Bound <Control-Alt-S> -> Settings
Bound <Control-Alt-KeyPress-s> -> Settings
Bound <Control-Alt-KeyPress-S> -> Settings
Bound <Control-Alt-s> -> Settings
Bound <Control-Alt-KeyPress-W> -> Web Browser
Bound <Control-Alt-KeyPress-w> -> Web Browser
Bound <Control-Alt-w> -> Web Browser
Bound <Control-Alt-W> -> Web Browser

--- register_shortcuts called at 2026-04-10T16:51:10.733714 ---
{"File Manager": "Ctrl+Alt+F", "Notepad": "Ctrl+Alt+N", "Terminal": "Ctrl+Alt+T", "Calculator": "Ctrl+Alt+C", "Settings": "Ctrl+Alt+S", "Web Browser": "Ctrl+Alt+W"}
Bound <Control-Alt-F> -> File Manager
Bound <Control-Alt-KeyPress-f> -> File Manager
Bound <Control-Alt-KeyPress-F> -> File Manager
Bound <Control-Alt-f> -> File Manager
Bound <Control-Alt-N> -> Notepad
Bound <Control-Alt-KeyPress-N> -> Notepad
Bound <Control-Alt-KeyPress-n> -> Notepad
Bound <Control-Alt-n> -> Notepad
Bound <Control-Alt-KeyPress-t> -> Terminal
Bound <Control-Alt-T> -> Terminal
Bound <Control-Alt-t> -> Terminal
Bound <Control-Alt-KeyPress-T> -> Terminal
Bound <Control-Alt-C> -> Calculator
Bound <Control-Alt-KeyPress-C> -> Calculator
Bound <Control-Alt-KeyPress-c> -> Calculator
Bound <Control-Alt-c> -> Calculator
Bound <Control-Alt-S> -> Settings
Bound <Control-Alt-KeyPress-s> -> Settings
Bound <Control-Alt-KeyPress-S> -> Settings
Bound <Control-Alt-s> -> Settings
Bound <Control-Alt-KeyPress-W> -> Web Browser
Bound <Control-Alt-KeyPress-w> -> Web Browser
Bound <Control-Alt-w> -> Web Browser
Bound <Control-Alt-W> -> Web Browser

--- register_shortcuts called at 2026-04-10T16:51:26.945538 ---
{"File Manager": "Ctrl+Alt+F", "Notepad": "Ctrl+Alt+N", "Terminal": "Ctrl+Alt+T", "Calculator": "Ctrl+Alt+C", "Settings": "Ctrl+Alt+S", "Web Browser": "Ctrl+Alt+W"}
Bound <Control-Alt-F> -> File Manager
Bound <Control-Alt-KeyPress-f> -> File Manager
Bound <Control-Alt-KeyPress-F> -> File Manager
Bound <Control-Alt-f> -> File Manager
Bound <Control-Alt-N> -> Notepad
Bound <Control-Alt-KeyPress-N> -> Notepad
Bound <Control-Alt-KeyPress-n> -> Notepad
Bound <Control-Alt-n> -> Notepad
Bound <Control-Alt-KeyPress-t> -> Terminal
Bound <Control-Alt-T> -> Terminal
Bound <Control-Alt-t> -> Terminal
Bound <Control-Alt-KeyPress-T> -> Terminal
Bound <Control-Alt-C> -> Calculator
Bound <Control-Alt-KeyPress-C> -> Calculator
Bound <Control-Alt-KeyPress-c> -> Calculator
Bound <Control-Alt-c> -> Calculator
Bound <Control-Alt-S> -> Settings
Bound <Control-Alt-KeyPress-s> -> Settings
Bound <Control-Alt-KeyPress-S> -> Settings
Bound <Control-Alt-s> -> Settings
Bound <Control-Alt-KeyPress-W> -> Web Browser
Bound <Control-Alt-KeyPress-w> -> Web Browser
Bound <Control-Alt-w> -> Web Browser
Bound <Control-Alt-W> -> Web Browser

--- register_shortcuts called at 2026-04-10T16:57:30.292870 ---
{"File Manager": "Ctrl+Alt+F", "Notepad": "Ctrl+Alt+N", "Terminal": "Ctrl+Alt+T", "Calculator": "Ctrl+Alt+C", "Settings": "Ctrl+Alt+S", "Web Browser": "Ctrl+Alt+W"}
Bound <Control-Alt-KeyPress-F> -> File Manager
Bound <Control-Alt-f> -> File Manager
Bound <Control-Alt-KeyPress-f> -> File Manager
Bound <Control-Alt-F> -> File Manager
Bound <Control-Alt-n> -> Notepad
Bound <Control-Alt-KeyPress-n> -> Notepad
Bound <Control-Alt-KeyPress-N> -> Notepad
Bound <Control-Alt-N> -> Notepad
Bound <Control-Alt-T> -> Terminal
Bound <Control-Alt-KeyPress-T> -> Terminal
Bound <Control-Alt-t> -> Terminal
Bound <Control-Alt-KeyPress-t> -> Terminal
Bound <Control-Alt-C> -> Calculator
Bound <Control-Alt-KeyPress-C> -> Calculator
Bound <Control-Alt-KeyPress-c> -> Calculator
Bound <Control-Alt-c> -> Calculator
Bound <Control-Alt-KeyPress-S> -> Settings
Bound <Control-Alt-S> -> Settings
Bound <Control-Alt-KeyPress-s> -> Settings
Bound <Control-Alt-s> -> Settings
Bound <Control-Alt-KeyPress-W> -> Web Browser
Bound <Control-Alt-KeyPress-w> -> Web Browser
Bound <Control-Alt-W> -> Web Browser
Bound <Control-Alt-w> -> Web Browser

--- register_shortcuts called at 2026-04-10T17:05:39.779258 ---
{"File Manager": "Ctrl+Alt+F", "Notepad": "Ctrl+Alt+N", "Terminal": "Ctrl+Alt+T", "Calculator": "Ctrl+Alt+C", "Settings": "Ctrl+Alt+S", "Web Browser": "Ctrl+Alt+W"}
Bound <Control-Alt-f> -> File Manager
Bound <Control-Alt-KeyPress-f> -> File Manager
Bound <Control-Alt-F> -> File Manager
Bound <Control-Alt-KeyPress-F> -> File Manager
Bound <Control-Alt-N> -> Notepad
Bound <Control-Alt-KeyPress-n> -> Notepad
Bound <Control-Alt-n> -> Notepad
Bound <Control-Alt-KeyPress-N> -> Notepad
Bound <Control-Alt-KeyPress-T> -> Terminal
Bound <Control-Alt-KeyPress-t> -> Terminal
Bound <Control-Alt-T> -> Terminal
Bound <Control-Alt-t> -> Terminal
Bound <Control-Alt-KeyPress-c> -> Calculator
Bound <Control-Alt-c> -> Calculator
Bound <Control-Alt-KeyPress-C> -> Calculator
Bound <Control-Alt-C> -> Calculator
Bound <Control-Alt-s> -> Settings
Bound <Control-Alt-S> -> Settings
Bound <Control-Alt-KeyPress-s> -> Settings
Bound <Control-Alt-KeyPress-S> -> Settings
Bound <Control-Alt-KeyPress-w> -> Web Browser
Bound <Control-Alt-KeyPress-W> -> Web Browser
Bound <Control-Alt-w> -> Web Browser
Bound <Control-Alt-W> -> Web Browser

--- register_shortcuts called at 2026-04-10T17:24:25.664254 ---
{"File Manager": "Ctrl+Alt+F", "Notepad": "Ctrl+Alt+N", "Terminal": "Ctrl+Alt+T", "Calculator": "Ctrl+Alt+C", "Settings": "Ctrl+Alt+S", "Web Browser": "Ctrl+Alt+W"}
Bound <Control-Alt-f> -> File Manager
Bound <Control-Alt-KeyPress-F> -> File Manager
Bound <Control-Alt-KeyPress-f> -> File Manager
Bound <Control-Alt-F> -> File Manager
Bound <Control-Alt-N> -> Notepad
Bound <Control-Alt-KeyPress-N> -> Notepad
Bound <Control-Alt-KeyPress-n> -> Notepad
Bound <Control-Alt-n> -> Notepad
Bound <Control-Alt-KeyPress-t> -> Terminal
Bound <Control-Alt-KeyPress-T> -> Terminal
Bound <Control-Alt-T> -> Terminal
Bound <Control-Alt-t> -> Terminal
Bound <Control-Alt-KeyPress-c> -> Calculator
Bound <Control-Alt-c> -> Calculator
Bound <Control-Alt-KeyPress-C> -> Calculator
Bound <Control-Alt-C> -> Calculator
Bound <Control-Alt-KeyPress-S> -> Settings
Bound <Control-Alt-S> -> Settings
Bound <Control-Alt-s> -> Settings
Bound <Control-Alt-KeyPress-s> -> Settings
Bound <Control-Alt-KeyPress-W> -> Web Browser
Bound <Control-Alt-w> -> Web Browser
Bound <Control-Alt-W> -> Web Browser
Bound <Control-Alt-KeyPress-w> -> Web Browser

--- register_shortcuts called at 2026-04-10T17:38:33.204815 ---
{"File Manager": "Ctrl+Alt+F", "Notepad": "Ctrl+Alt+N", "Terminal": "Ctrl+Alt+T", "Calculator": "Ctrl+Alt+C", "Settings": "Ctrl+Alt+S", "Web Browser": "Ctrl+Alt+W"}
Bound <Control-Alt-F> -> File Manager
Bound <Control-Alt-KeyPress-f> -> File Manager
Bound <Control-Alt-f> -> File Manager
Bound <Control-Alt-KeyPress-F> -> File Manager
Bound <Control-Alt-KeyPress-n> -> Notepad
Bound <Control-Alt-KeyPress-N> -> Notepad
Bound <Control-Alt-n> -> Notepad
Bound <Control-Alt-N> -> Notepad
Bound <Control-Alt-KeyPress-T> -> Terminal
Bound <Control-Alt-KeyPress-t> -> Terminal
Bound <Control-Alt-t> -> Terminal
Bound <Control-Alt-T> -> Terminal
Bound <Control-Alt-KeyPress-c> -> Calculator
Bound <Control-Alt-C> -> Calculator
Bound <Control-Alt-KeyPress-C> -> Calculator
Bound <Control-Alt-c> -> Calculator
Bound <Control-Alt-s> -> Settings
Bound <Control-Alt-S> -> Settings
Bound <Control-Alt-KeyPress-S> -> Settings
Bound <Control-Alt-KeyPress-s> -> Settings
Bound <Control-Alt-w> -> Web Browser
Bound <Control-Alt-KeyPress-w> -> Web Browser
Bound <Control-Alt-KeyPress-W> -> Web Browser
Bound <Control-Alt-W> -> Web Browser

--- register_shortcuts called at 2026-04-10T22:31:05.868709 ---
{"File Manager": "Ctrl+Alt+F", "Notepad": "Ctrl+Alt+N", "Terminal": "Ctrl+Alt+T", "Calculator": "Ctrl+Alt+C", "Settings": "Ctrl+Alt+S", "Web Browser": "Ctrl+Alt+W"}
Bound <Control-Alt-f> -> File Manager
Bound <Control-Alt-F> -> File Manager
Bound <Control-Alt-KeyPress-f> -> File Manager
Bound <Control-Alt-KeyPress-F> -> File Manager
Bound <Control-Alt-n> -> Notepad
Bound <Control-Alt-KeyPress-n> -> Notepad
Bound <Control-Alt-N> -> Notepad
Bound <Control-Alt-KeyPress-N> -> Notepad
Bound <Control-Alt-t> -> Terminal
Bound <Control-Alt-KeyPress-T> -> Terminal
Bound <Control-Alt-KeyPress-t> -> Terminal
Bound <Control-Alt-T> -> Terminal
Bound <Control-Alt-KeyPress-C> -> Calculator
Bound <Control-Alt-C> -> Calculator
Bound <Control-Alt-c> -> Calculator
Bound <Control-Alt-KeyPress-c> -> Calculator
Bound <Control-Alt-S> -> Settings
Bound <Control-Alt-KeyPress-s> -> Settings
Bound <Control-Alt-s> -> Settings
Bound <Control-Alt-KeyPress-S> -> Settings
Bound <Control-Alt-W> -> Web Browser
Bound <Control-Alt-w> -> Web Browser
Bound <Control-Alt-KeyPress-w> -> Web Browser
Bound <Control-Alt-KeyPress-W> -> Web Browser

--- register_shortcuts called at 2026-04-13T00:35:32.999653 ---
{"File Manager": "Ctrl+Alt+F", "Notepad": "Ctrl+Alt+N", "Terminal": "Ctrl+Alt+T", "Calculator": "Ctrl+Alt+C", "Settings": "Ctrl+Alt+S", "Web Browser": "Ctrl+Alt+W"}
Bound <Control-Alt-KeyPress-f> -> File Manager
Bound <Control-Alt-F> -> File Manager
Bound <Control-Alt-f> -> File Manager
Bound <Control-Alt-KeyPress-F> -> File Manager
Bound <Control-Alt-n> -> Notepad
Bound <Control-Alt-N> -> Notepad
Bound <Control-Alt-KeyPress-n> -> Notepad
Bound <Control-Alt-KeyPress-N> -> Notepad
Bound <Control-Alt-KeyPress-t> -> Terminal
Bound <Control-Alt-T> -> Terminal
Bound <Control-Alt-KeyPress-T> -> Terminal
Bound <Control-Alt-t> -> Terminal
Bound <Control-Alt-KeyPress-c> -> Calculator
Bound <Control-Alt-KeyPress-C> -> Calculator
Bound <Control-Alt-c> -> Calculator
Bound <Control-Alt-C> -> Calculator
Bound <Control-Alt-KeyPress-s> -> Settings
Bound <Control-Alt-s> -> Settings
Bound <Control-Alt-KeyPress-S> -> Settings
Bound <Control-Alt-S> -> Settings
Bound <Control-Alt-W> -> Web Browser
Bound <Control-Alt-KeyPress-w> -> Web Browser
Bound <Control-Alt-KeyPress-W> -> Web Browser
Bound <Control-Alt-w> -> Web Browser

--- register_shortcuts called at 2026-04-13T21:01:55.893010 ---
{"File Manager": "Ctrl+Alt+F", "Notepad": "Ctrl+Alt+N", "Terminal": "Ctrl+Alt+T", "Calculator": "Ctrl+Alt+C", "Settings": "Ctrl+Alt+S", "Web Browser": "Ctrl+Alt+W"}
Bound <Control-Alt-F> -> File Manager
Bound <Control-Alt-KeyPress-F> -> File Manager
Bound <Control-Alt-KeyPress-f> -> File Manager
Bound <Control-Alt-f> -> File Manager
Bound <Control-Alt-N> -> Notepad
Bound <Control-Alt-KeyPress-n> -> Notepad
Bound <Control-Alt-KeyPress-N> -> Notepad
Bound <Control-Alt-n> -> Notepad
Bound <Control-Alt-T> -> Terminal
Bound <Control-Alt-KeyPress-T> -> Terminal
Bound <Control-Alt-t> -> Terminal
Bound <Control-Alt-KeyPress-t> -> Terminal
Bound <Control-Alt-KeyPress-c> -> Calculator
Bound <Control-Alt-C> -> Calculator
Bound <Control-Alt-KeyPress-C> -> Calculator
Bound <Control-Alt-c> -> Calculator
Bound <Control-Alt-s> -> Settings
Bound <Control-Alt-S> -> Settings
Bound <Control-Alt-KeyPress-s> -> Settings
Bound <Control-Alt-KeyPress-S> -> Settings
Bound <Control-Alt-w> -> Web Browser
Bound <Control-Alt-KeyPress-w> -> Web Browser
Bound <Control-Alt-W> -> Web Browser
Bound <Control-Alt-KeyPress-W> -> Web Browser

--- register_shortcuts called at 2026-04-13T21:29:06.803292 ---
{"File Manager": "Ctrl+Alt+F", "Notepad": "Ctrl+Alt+N", "Terminal": "Ctrl+Alt+T", "Calculator": "Ctrl+Alt+C", "Settings": "Ctrl+Alt+S", "Web Browser": "Ctrl+Alt+W"}
Bound <Control-Alt-f> -> File Manager
Bound <Control-Alt-KeyPress-F> -> File Manager
Bound <Control-Alt-KeyPress-f> -> File Manager
Bound <Control-Alt-F> -> File Manager
Bound <Control-Alt-KeyPress-N> -> Notepad
Bound <Control-Alt-N> -> Notepad
Bound <Control-Alt-n> -> Notepad
Bound <Control-Alt-KeyPress-n> -> Notepad
Bound <Control-Alt-KeyPress-t> -> Terminal
Bound <Control-Alt-KeyPress-T> -> Terminal
Bound <Control-Alt-t> -> Terminal
Bound <Control-Alt-T> -> Terminal
Bound <Control-Alt-C> -> Calculator
Bound <Control-Alt-KeyPress-c> -> Calculator
Bound <Control-Alt-KeyPress-C> -> Calculator
Bound <Control-Alt-c> -> Calculator
Bound <Control-Alt-KeyPress-s> -> Settings
Bound <Control-Alt-KeyPress-S> -> Settings
Bound <Control-Alt-S> -> Settings
Bound <Control-Alt-s> -> Settings
Bound <Control-Alt-KeyPress-W> -> Web Browser
Bound <Control-Alt-w> -> Web Browser
Bound <Control-Alt-W> -> Web Browser
Bound <Control-Alt-KeyPress-w> -> Web Browser

--- register_shortcuts called at 2026-04-13T21:44:10.471175 ---
{"File Manager": "Ctrl+Alt+F", "Notepad": "Ctrl+Alt+N", "Terminal": "Ctrl+Alt+T", "Calculator": "Ctrl+Alt+C", "Settings": "Ctrl+Alt+S", "Web Browser": "Ctrl+Alt+W"}
Bound <Control-Alt-KeyPress-f> -> File Manager
Bound <Control-Alt-KeyPress-F> -> File Manager
Bound <Control-Alt-F> -> File Manager
Bound <Control-Alt-f> -> File Manager
Bound <Control-Alt-n> -> Notepad
Bound <Control-Alt-N> -> Notepad
Bound <Control-Alt-KeyPress-N> -> Notepad
Bound <Control-Alt-KeyPress-n> -> Notepad
Bound <Control-Alt-KeyPress-t> -> Terminal
Bound <Control-Alt-T> -> Terminal
Bound <Control-Alt-KeyPress-T> -> Terminal
Bound <Control-Alt-t> -> Terminal
Bound <Control-Alt-c> -> Calculator
Bound <Control-Alt-C> -> Calculator
Bound <Control-Alt-KeyPress-C> -> Calculator
Bound <Control-Alt-KeyPress-c> -> Calculator
Bound <Control-Alt-KeyPress-S> -> Settings
Bound <Control-Alt-KeyPress-s> -> Settings
Bound <Control-Alt-S> -> Settings
Bound <Control-Alt-s> -> Settings
Bound <Control-Alt-w> -> Web Browser
Bound <Control-Alt-KeyPress-W> -> Web Browser
Bound <Control-Alt-W> -> Web Browser
Bound <Control-Alt-KeyPress-w> -> Web Browser

--- register_shortcuts called at 2026-04-13T21:45:36.547875 ---
{"File Manager": "Ctrl+Alt+F", "Notepad": "Ctrl+Alt+N", "Terminal": "Ctrl+Alt+T", "Calculator": "Ctrl+Alt+C", "Settings": "Ctrl+Alt+S", "Web Browser": "Ctrl+Alt+W"}
Bound <Control-Alt-KeyPress-F> -> File Manager
Bound <Control-Alt-KeyPress-f> -> File Manager
Bound <Control-Alt-f> -> File Manager
Bound <Control-Alt-F> -> File Manager
Bound <Control-Alt-N> -> Notepad
Bound <Control-Alt-KeyPress-N> -> Notepad
Bound <Control-Alt-KeyPress-n> -> Notepad
Bound <Control-Alt-n> -> Notepad
Bound <Control-Alt-t> -> Terminal
Bound <Control-Alt-KeyPress-t> -> Terminal
Bound <Control-Alt-T> -> Terminal
Bound <Control-Alt-KeyPress-T> -> Terminal
Bound <Control-Alt-KeyPress-c> -> Calculator
Bound <Control-Alt-C> -> Calculator
Bound <Control-Alt-c> -> Calculator
Bound <Control-Alt-KeyPress-C> -> Calculator
Bound <Control-Alt-S> -> Settings
Bound <Control-Alt-KeyPress-s> -> Settings
Bound <Control-Alt-KeyPress-S> -> Settings
Bound <Control-Alt-s> -> Settings
Bound <Control-Alt-KeyPress-W> -> Web Browser
Bound <Control-Alt-W> -> Web Browser
Bound <Control-Alt-w> -> Web Browser
Bound <Control-Alt-KeyPress-w> -> Web Browser

--- register_shortcuts called at 2026-04-13T22:38:24.201135 ---
{"File Manager": "Ctrl+Alt+F", "Notepad": "Ctrl+Alt+N", "Terminal": "Ctrl+Alt+T", "Calculator": "Ctrl+Alt+C", "Settings": "Ctrl+Alt+S", "Web Browser": "Ctrl+Alt+W"}
Bound <Control-Alt-F> -> File Manager
Bound <Control-Alt-KeyPress-f> -> File Manager
Bound <Control-Alt-KeyPress-F> -> File Manager
Bound <Control-Alt-f> -> File Manager
Bound <Control-Alt-KeyPress-n> -> Notepad
Bound <Control-Alt-N> -> Notepad
Bound <Control-Alt-n> -> Notepad
Bound <Control-Alt-KeyPress-N> -> Notepad
Bound <Control-Alt-T> -> Terminal
Bound <Control-Alt-t> -> Terminal
Bound <Control-Alt-KeyPress-T> -> Terminal
Bound <Control-Alt-KeyPress-t> -> Terminal
Bound <Control-Alt-c> -> Calculator
Bound <Control-Alt-KeyPress-c> -> Calculator
Bound <Control-Alt-KeyPress-C> -> Calculator
Bound <Control-Alt-C> -> Calculator
Bound <Control-Alt-KeyPress-S> -> Settings
Bound <Control-Alt-s> -> Settings
Bound <Control-Alt-KeyPress-s> -> Settings
Bound <Control-Alt-S> -> Settings
Bound <Control-Alt-KeyPress-W> -> Web Browser
Bound <Control-Alt-KeyPress-w> -> Web Browser
Bound <Control-Alt-w> -> Web Browser
Bound <Control-Alt-W> -> Web Browser

--- register_shortcuts called at 2026-04-14T00:13:28.636771 ---
{"File Manager": "Ctrl+Alt+F", "Notepad": "Ctrl+Alt+N", "Terminal": "Ctrl+Alt+T", "Calculator": "Ctrl+Alt+C", "Settings": "Ctrl+Alt+S", "Web Browser": "Ctrl+Alt+W"}
Bound <Control-Alt-F> -> File Manager
Bound <Control-Alt-KeyPress-F> -> File Manager
Bound <Control-Alt-KeyPress-f> -> File Manager
Bound <Control-Alt-f> -> File Manager
Bound <Control-Alt-KeyPress-N> -> Notepad
Bound <Control-Alt-n> -> Notepad
Bound <Control-Alt-N> -> Notepad
Bound <Control-Alt-KeyPress-n> -> Notepad
Bound <Control-Alt-T> -> Terminal
Bound <Control-Alt-KeyPress-T> -> Terminal
Bound <Control-Alt-t> -> Terminal
Bound <Control-Alt-KeyPress-t> -> Terminal
Bound <Control-Alt-KeyPress-C> -> Calculator
Bound <Control-Alt-c> -> Calculator
Bound <Control-Alt-C> -> Calculator
Bound <Control-Alt-KeyPress-c> -> Calculator
Bound <Control-Alt-KeyPress-s> -> Settings
Bound <Control-Alt-s> -> Settings
Bound <Control-Alt-KeyPress-S> -> Settings
Bound <Control-Alt-S> -> Settings
Bound <Control-Alt-w> -> Web Browser
Bound <Control-Alt-W> -> Web Browser
Bound <Control-Alt-KeyPress-W> -> Web Browser
Bound <Control-Alt-KeyPress-w> -> Web Browser

--- register_shortcuts called at 2026-04-14T00:40:01.915527 ---
{"File Manager": "Ctrl+Alt+F", "Notepad": "Ctrl+Alt+N", "Terminal": "Ctrl+Alt+T", "Calculator": "Ctrl+Alt+C", "Settings": "Ctrl+Alt+S", "Web Browser": "Ctrl+Alt+W"}
Bound <Control-Alt-KeyPress-f> -> File Manager
Bound <Control-Alt-KeyPress-F> -> File Manager
Bound <Control-Alt-f> -> File Manager
Bound <Control-Alt-F> -> File Manager
Bound <Control-Alt-KeyPress-n> -> Notepad
Bound <Control-Alt-N> -> Notepad
Bound <Control-Alt-n> -> Notepad
Bound <Control-Alt-KeyPress-N> -> Notepad
Bound <Control-Alt-KeyPress-t> -> Terminal
Bound <Control-Alt-T> -> Terminal
Bound <Control-Alt-KeyPress-T> -> Terminal
Bound <Control-Alt-t> -> Terminal
Bound <Control-Alt-KeyPress-c> -> Calculator
Bound <Control-Alt-c> -> Calculator
Bound <Control-Alt-C> -> Calculator
Bound <Control-Alt-KeyPress-C> -> Calculator
Bound <Control-Alt-s> -> Settings
Bound <Control-Alt-S> -> Settings
Bound <Control-Alt-KeyPress-S> -> Settings
Bound <Control-Alt-KeyPress-s> -> Settings
Bound <Control-Alt-KeyPress-W> -> Web Browser
Bound <Control-Alt-W> -> Web Browser
Bound <Control-Alt-KeyPress-w> -> Web Browser
Bound <Control-Alt-w> -> Web Browser

--- register_shortcuts called at 2026-04-14T01:00:55.198396 ---
{"File Manager": "Ctrl+Alt+F", "Notepad": "Ctrl+Alt+N", "Terminal": "Ctrl+Alt+T", "Calculator": "Ctrl+Alt+C", "Settings": "Ctrl+Alt+S", "Web Browser": "Ctrl+Alt+W"}
Bound <Control-Alt-f> -> File Manager
Bound <Control-Alt-F> -> File Manager
Bound <Control-Alt-KeyPress-f> -> File Manager
Bound <Control-Alt-KeyPress-F> -> File Manager
Bound <Control-Alt-KeyPress-n> -> Notepad
Bound <Control-Alt-N> -> Notepad
Bound <Control-Alt-n> -> Notepad
Bound <Control-Alt-KeyPress-N> -> Notepad
Bound <Control-Alt-T> -> Terminal
Bound <Control-Alt-t> -> Terminal
Bound <Control-Alt-KeyPress-t> -> Terminal
Bound <Control-Alt-KeyPress-T> -> Terminal
Bound <Control-Alt-C> -> Calculator
Bound <Control-Alt-KeyPress-c> -> Calculator
Bound <Control-Alt-KeyPress-C> -> Calculator
Bound <Control-Alt-c> -> Calculator
Bound <Control-Alt-S> -> Settings
Bound <Control-Alt-s> -> Settings
Bound <Control-Alt-KeyPress-s> -> Settings
Bound <Control-Alt-KeyPress-S> -> Settings
Bound <Control-Alt-W> -> Web Browser
Bound <Control-Alt-KeyPress-w> -> Web Browser
Bound <Control-Alt-KeyPress-W> -> Web Browser
Bound <Control-Alt-w> -> Web Browser

--- register_shortcuts called at 2026-05-02T14:01:47.629309 ---
{"File Manager": "Ctrl+Alt+F", "Notepad": "Ctrl+Alt+N", "Terminal": "Ctrl+Alt+T", "Calculator": "Ctrl+Alt+C", "Settings": "Ctrl+Alt+S", "Web Browser": "Ctrl+Alt+W"}
Bound <Control-Alt-f> -> File Manager
Bound <Control-Alt-KeyPress-F> -> File Manager
Bound <Control-Alt-KeyPress-f> -> File Manager
Bound <Control-Alt-F> -> File Manager
Bound <Control-Alt-KeyPress-n> -> Notepad
Bound <Control-Alt-N> -> Notepad
Bound <Control-Alt-n> -> Notepad
Bound <Control-Alt-KeyPress-N> -> Notepad
Bound <Control-Alt-KeyPress-t> -> Terminal
Bound <Control-Alt-T> -> Terminal
Bound <Control-Alt-t> -> Terminal
Bound <Control-Alt-KeyPress-T> -> Terminal
Bound <Control-Alt-C> -> Calculator
Bound <Control-Alt-KeyPress-C> -> Calculator
Bound <Control-Alt-c> -> Calculator
Bound <Control-Alt-KeyPress-c> -> Calculator
Bound <Control-Alt-s> -> Settings
Bound <Control-Alt-KeyPress-S> -> Settings
Bound <Control-Alt-KeyPress-s> -> Settings
Bound <Control-Alt-S> -> Settings
Bound <Control-Alt-KeyPress-W> -> Web Browser
Bound <Control-Alt-KeyPress-w> -> Web Browser
Bound <Control-Alt-W> -> Web Browser
Bound <Control-Alt-w> -> Web Browser

--- register_shortcuts called at 2026-05-02T14:31:06.325304 ---
{"File Manager": "Ctrl+Alt+F", "Notepad": "Ctrl+Alt+N", "Terminal": "Ctrl+Alt+T", "Calculator": "Ctrl+Alt+C", "Settings": "Ctrl+Alt+S", "Web Browser": "Ctrl+Alt+W"}
Bound <Control-Alt-KeyPress-F> -> File Manager
Bound <Control-Alt-KeyPress-f> -> File Manager
Bound <Control-Alt-F> -> File Manager
Bound <Control-Alt-f> -> File Manager
Bound <Control-Alt-n> -> Notepad
Bound <Control-Alt-KeyPress-n> -> Notepad
Bound <Control-Alt-KeyPress-N> -> Notepad
Bound <Control-Alt-N> -> Notepad
Bound <Control-Alt-KeyPress-t> -> Terminal
Bound <Control-Alt-T> -> Terminal
Bound <Control-Alt-KeyPress-T> -> Terminal
Bound <Control-Alt-t> -> Terminal
Bound <Control-Alt-KeyPress-c> -> Calculator
Bound <Control-Alt-c> -> Calculator
Bound <Control-Alt-C> -> Calculator
Bound <Control-Alt-KeyPress-C> -> Calculator
Bound <Control-Alt-S> -> Settings
Bound <Control-Alt-s> -> Settings
Bound <Control-Alt-KeyPress-S> -> Settings
Bound <Control-Alt-KeyPress-s> -> Settings
Bound <Control-Alt-w> -> Web Browser
Bound <Control-Alt-KeyPress-W> -> Web Browser
Bound <Control-Alt-KeyPress-w> -> Web Browser
Bound <Control-Alt-W> -> Web Browser

--- register_shortcuts called at 2026-06-01T21:50:10.486629 ---
{"File Manager": "Ctrl+Alt+F", "Notepad": "Ctrl+Alt+N", "Terminal": "Ctrl+Alt+T", "Calculator": "Ctrl+Alt+C", "Settings": "Ctrl+Alt+S", "Web Browser": "Ctrl+Alt+W"}
Bound <Control-Alt-KeyPress-f> -> File Manager
Bound <Control-Alt-f> -> File Manager
Bound <Control-Alt-KeyPress-F> -> File Manager
Bound <Control-Alt-F> -> File Manager
Bound <Control-Alt-N> -> Notepad
Bound <Control-Alt-KeyPress-N> -> Notepad
Bound <Control-Alt-KeyPress-n> -> Notepad
Bound <Control-Alt-n> -> Notepad
Bound <Control-Alt-KeyPress-t> -> Terminal
Bound <Control-Alt-t> -> Terminal
Bound <Control-Alt-T> -> Terminal
Bound <Control-Alt-KeyPress-T> -> Terminal
Bound <Control-Alt-c> -> Calculator
Bound <Control-Alt-C> -> Calculator
Bound <Control-Alt-KeyPress-C> -> Calculator
Bound <Control-Alt-KeyPress-c> -> Calculator
Bound <Control-Alt-s> -> Settings
Bound <Control-Alt-KeyPress-s> -> Settings
Bound <Control-Alt-KeyPress-S> -> Settings
Bound <Control-Alt-S> -> Settings
Bound <Control-Alt-KeyPress-W> -> Web Browser
Bound <Control-Alt-W> -> Web Browser
Bound <Control-Alt-KeyPress-w> -> Web Browser
Bound <Control-Alt-w> -> Web Browser

--- register_shortcuts called at 2026-06-01T21:59:33.623220 ---
{"File Manager": "Ctrl+Alt+F", "Notepad": "Ctrl+Alt+N", "Terminal": "Ctrl+Alt+T", "Calculator": "Ctrl+Alt+C", "Settings": "Ctrl+Alt+S", "Web Browser": "Ctrl+Alt+W"}
Bound <Control-Alt-F> -> File Manager
Bound <Control-Alt-KeyPress-F> -> File Manager
Bound <Control-Alt-f> -> File Manager
Bound <Control-Alt-KeyPress-f> -> File Manager
Bound <Control-Alt-n> -> Notepad
Bound <Control-Alt-N> -> Notepad
Bound <Control-Alt-KeyPress-N> -> Notepad
Bound <Control-Alt-KeyPress-n> -> Notepad
Bound <Control-Alt-KeyPress-t> -> Terminal
Bound <Control-Alt-t> -> Terminal
Bound <Control-Alt-KeyPress-T> -> Terminal
Bound <Control-Alt-T> -> Terminal
Bound <Control-Alt-C> -> Calculator
Bound <Control-Alt-KeyPress-C> -> Calculator
Bound <Control-Alt-KeyPress-c> -> Calculator
Bound <Control-Alt-c> -> Calculator
Bound <Control-Alt-KeyPress-s> -> Settings
Bound <Control-Alt-S> -> Settings
Bound <Control-Alt-s> -> Settings
Bound <Control-Alt-KeyPress-S> -> Settings
Bound <Control-Alt-KeyPress-W> -> Web Browser
Bound <Control-Alt-W> -> Web Browser
Bound <Control-Alt-w> -> Web Browser
Bound <Control-Alt-KeyPress-w> -> Web Browser

--- register_shortcuts called at 2026-06-01T22:07:49.803466 ---
{"File Manager": "Ctrl+Alt+F", "Notepad": "Ctrl+Alt+N", "Terminal": "Ctrl+Alt+T", "Calculator": "Ctrl+Alt+C", "Settings": "Ctrl+Alt+S", "Web Browser": "Ctrl+Alt+W"}
Bound <Control-Alt-f> -> File Manager
Bound <Control-Alt-KeyPress-F> -> File Manager
Bound <Control-Alt-KeyPress-f> -> File Manager
Bound <Control-Alt-F> -> File Manager
Bound <Control-Alt-n> -> Notepad
Bound <Control-Alt-KeyPress-n> -> Notepad
Bound <Control-Alt-KeyPress-N> -> Notepad
Bound <Control-Alt-N> -> Notepad
Bound <Control-Alt-KeyPress-t> -> Terminal
Bound <Control-Alt-KeyPress-T> -> Terminal
Bound <Control-Alt-t> -> Terminal
Bound <Control-Alt-T> -> Terminal
Bound <Control-Alt-KeyPress-c> -> Calculator
Bound <Control-Alt-c> -> Calculator
Bound <Control-Alt-C> -> Calculator
Bound <Control-Alt-KeyPress-C> -> Calculator
Bound <Control-Alt-S> -> Settings
Bound <Control-Alt-s> -> Settings
Bound <Control-Alt-KeyPress-s> -> Settings
Bound <Control-Alt-KeyPress-S> -> Settings
Bound <Control-Alt-w> -> Web Browser
Bound <Control-Alt-W> -> Web Browser
Bound <Control-Alt-KeyPress-W> -> Web Browser
Bound <Control-Alt-KeyPress-w> -> Web Browser

--- register_shortcuts called at 2026-06-12T16:24:19.438487 ---
{"File Manager": "Ctrl+Alt+F", "Notepad": "Ctrl+Alt+N", "Terminal": "Ctrl+Alt+T", "Calculator": "Ctrl+Alt+C", "Settings": "Ctrl+Alt+S", "Web Browser": "Ctrl+Alt+W", "Code Editor": "Ctrl+Alt+K"}
Bound <Control-Alt-F> -> File Manager
Bound <Control-Alt-KeyPress-F> -> File Manager
Bound <Control-Alt-KeyPress-f> -> File Manager
Bound <Control-Alt-f> -> File Manager
Bound <Control-Alt-n> -> Notepad
Bound <Control-Alt-KeyPress-n> -> Notepad
Bound <Control-Alt-N> -> Notepad
Bound <Control-Alt-KeyPress-N> -> Notepad
Bound <Control-Alt-KeyPress-T> -> Terminal
Bound <Control-Alt-T> -> Terminal
Bound <Control-Alt-KeyPress-t> -> Terminal
Bound <Control-Alt-t> -> Terminal
Bound <Control-Alt-c> -> Calculator
Bound <Control-Alt-KeyPress-C> -> Calculator
Bound <Control-Alt-KeyPress-c> -> Calculator
Bound <Control-Alt-C> -> Calculator
Bound <Control-Alt-KeyPress-S> -> Settings
Bound <Control-Alt-KeyPress-s> -> Settings
Bound <Control-Alt-S> -> Settings
Bound <Control-Alt-s> -> Settings
Bound <Control-Alt-w> -> Web Browser
Bound <Control-Alt-KeyPress-W> -> Web Browser
Bound <Control-Alt-KeyPress-w> -> Web Browser
Bound <Control-Alt-W> -> Web Browser
Bound <Control-Alt-KeyPress-K> -> Code Editor
Bound <Control-Alt-K> -> Code Editor
Bound <Control-Alt-KeyPress-k> -> Code Editor
Bound <Control-Alt-k> -> Code Editor

--- register_shortcuts called at 2026-06-12T16:31:57.171588 ---
{"File Manager": "Ctrl+Alt+F", "Notepad": "Ctrl+Alt+N", "Terminal": "Ctrl+Alt+T", "Calculator": "Ctrl+Alt+C", "Settings": "Ctrl+Alt+S", "Web Browser": "Ctrl+Alt+W", "Code Editor": "Ctrl+Alt+K"}
Bound <Control-Alt-KeyPress-f> -> File Manager
Bound <Control-Alt-F> -> File Manager
Bound <Control-Alt-f> -> File Manager
Bound <Control-Alt-KeyPress-F> -> File Manager
Bound <Control-Alt-N> -> Notepad
Bound <Control-Alt-n> -> Notepad
Bound <Control-Alt-KeyPress-N> -> Notepad
Bound <Control-Alt-KeyPress-n> -> Notepad
Bound <Control-Alt-KeyPress-t> -> Terminal
Bound <Control-Alt-T> -> Terminal
Bound <Control-Alt-KeyPress-T> -> Terminal
Bound <Control-Alt-t> -> Terminal
Bound <Control-Alt-KeyPress-C> -> Calculator
Bound <Control-Alt-KeyPress-c> -> Calculator
Bound <Control-Alt-c> -> Calculator
Bound <Control-Alt-C> -> Calculator
Bound <Control-Alt-S> -> Settings
Bound <Control-Alt-KeyPress-S> -> Settings
Bound <Control-Alt-s> -> Settings
Bound <Control-Alt-KeyPress-s> -> Settings
Bound <Control-Alt-W> -> Web Browser
Bound <Control-Alt-w> -> Web Browser
Bound <Control-Alt-KeyPress-w> -> Web Browser
Bound <Control-Alt-KeyPress-W> -> Web Browser
Bound <Control-Alt-KeyPress-k> -> Code Editor
Bound <Control-Alt-K> -> Code Editor
Bound <Control-Alt-k> -> Code Editor
Bound <Control-Alt-KeyPress-K> -> Code Editor

--- register_shortcuts called at 2026-06-12T17:30:48.191529 ---
{"File Manager": "Ctrl+Alt+F", "Notepad": "Ctrl+Alt+N", "Terminal": "Ctrl+Alt+T", "Calculator": "Ctrl+Alt+C", "Settings": "Ctrl+Alt+S", "Web Browser": "Ctrl+Alt+W", "Code Editor": "Ctrl+Alt+K"}
Bound <Control-Alt-F> -> File Manager
Bound <Control-Alt-KeyPress-f> -> File Manager
Bound <Control-Alt-KeyPress-F> -> File Manager
Bound <Control-Alt-f> -> File Manager
Bound <Control-Alt-N> -> Notepad
Bound <Control-Alt-KeyPress-N> -> Notepad
Bound <Control-Alt-KeyPress-n> -> Notepad
Bound <Control-Alt-n> -> Notepad
Bound <Control-Alt-t> -> Terminal
Bound <Control-Alt-T> -> Terminal
Bound <Control-Alt-KeyPress-t> -> Terminal
Bound <Control-Alt-KeyPress-T> -> Terminal
Bound <Control-Alt-C> -> Calculator
Bound <Control-Alt-c> -> Calculator
Bound <Control-Alt-KeyPress-c> -> Calculator
Bound <Control-Alt-KeyPress-C> -> Calculator
Bound <Control-Alt-S> -> Settings
Bound <Control-Alt-KeyPress-s> -> Settings
Bound <Control-Alt-s> -> Settings
Bound <Control-Alt-KeyPress-S> -> Settings
Bound <Control-Alt-w> -> Web Browser
Bound <Control-Alt-W> -> Web Browser
Bound <Control-Alt-KeyPress-W> -> Web Browser
Bound <Control-Alt-KeyPress-w> -> Web Browser
Bound <Control-Alt-k> -> Code Editor
Bound <Control-Alt-KeyPress-K> -> Code Editor
Bound <Control-Alt-K> -> Code Editor
Bound <Control-Alt-KeyPress-k> -> Code Editor

--- register_shortcuts called at 2026-06-12T17:50:03.023630 ---
{"File Manager": "Ctrl+Alt+F", "Notepad": "Ctrl+Alt+N", "Terminal": "Ctrl+Alt+T", "Calculator": "Ctrl+Alt+C", "Settings": "Ctrl+Alt+S", "Web Browser": "Ctrl+Alt+W", "Code Editor": "Ctrl+Alt+K"}
Bound <Control-Alt-F> -> File Manager
Bound <Control-Alt-f> -> File Manager
Bound <Control-Alt-KeyPress-F> -> File Manager
Bound <Control-Alt-KeyPress-f> -> File Manager
Bound <Control-Alt-KeyPress-N> -> Notepad
Bound <Control-Alt-n> -> Notepad
Bound <Control-Alt-N> -> Notepad
Bound <Control-Alt-KeyPress-n> -> Notepad
Bound <Control-Alt-KeyPress-T> -> Terminal
Bound <Control-Alt-t> -> Terminal
Bound <Control-Alt-T> -> Terminal
Bound <Control-Alt-KeyPress-t> -> Terminal
Bound <Control-Alt-KeyPress-c> -> Calculator
Bound <Control-Alt-C> -> Calculator
Bound <Control-Alt-c> -> Calculator
Bound <Control-Alt-KeyPress-C> -> Calculator
Bound <Control-Alt-KeyPress-S> -> Settings
Bound <Control-Alt-KeyPress-s> -> Settings
Bound <Control-Alt-S> -> Settings
Bound <Control-Alt-s> -> Settings
Bound <Control-Alt-KeyPress-w> -> Web Browser
Bound <Control-Alt-KeyPress-W> -> Web Browser
Bound <Control-Alt-W> -> Web Browser
Bound <Control-Alt-w> -> Web Browser
Bound <Control-Alt-k> -> Code Editor
Bound <Control-Alt-KeyPress-K> -> Code Editor
Bound <Control-Alt-KeyPress-k> -> Code Editor
Bound <Control-Alt-K> -> Code Editor

--- register_shortcuts called at 2026-06-12T18:01:10.255256 ---
{"File Manager": "Ctrl+Alt+F", "Notepad": "Ctrl+Alt+N", "Terminal": "Ctrl+Alt+T", "Calculator": "Ctrl+Alt+C", "Settings": "Ctrl+Alt+S", "Web Browser": "Ctrl+Alt+W", "Code Editor": "Ctrl+Alt+K"}
Bound <Control-Alt-F> -> File Manager
Bound <Control-Alt-f> -> File Manager
Bound <Control-Alt-KeyPress-F> -> File Manager
Bound <Control-Alt-KeyPress-f> -> File Manager
Bound <Control-Alt-KeyPress-N> -> Notepad
Bound <Control-Alt-n> -> Notepad
Bound <Control-Alt-N> -> Notepad
Bound <Control-Alt-KeyPress-n> -> Notepad
Bound <Control-Alt-KeyPress-T> -> Terminal
Bound <Control-Alt-t> -> Terminal
Bound <Control-Alt-T> -> Terminal
Bound <Control-Alt-KeyPress-t> -> Terminal
Bound <Control-Alt-KeyPress-c> -> Calculator
Bound <Control-Alt-C> -> Calculator
Bound <Control-Alt-c> -> Calculator
Bound <Control-Alt-KeyPress-C> -> Calculator
Bound <Control-Alt-KeyPress-S> -> Settings
Bound <Control-Alt-KeyPress-s> -> Settings
Bound <Control-Alt-S> -> Settings
Bound <Control-Alt-s> -> Settings
Bound <Control-Alt-KeyPress-w> -> Web Browser
Bound <Control-Alt-KeyPress-W> -> Web Browser
Bound <Control-Alt-W> -> Web Browser
Bound <Control-Alt-w> -> Web Browser
Bound <Control-Alt-k> -> Code Editor
Bound <Control-Alt-KeyPress-K> -> Code Editor
Bound <Control-Alt-KeyPress-k> -> Code Editor
Bound <Control-Alt-K> -> Code Editor

--- register_shortcuts called at 2026-06-19T18:40:34.651063 ---
{"File Manager": "Ctrl+Alt+F", "Notepad": "Ctrl+Alt+N", "Terminal": "Ctrl+Alt+T", "Calculator": "Ctrl+Alt+C", "Settings": "Ctrl+Alt+S", "Web Browser": "Ctrl+Alt+W", "Code Editor": "Ctrl+Alt+K"}
Bound <Control-Alt-f> -> File Manager
Bound <Control-Alt-F> -> File Manager
Bound <Control-Alt-KeyPress-f> -> File Manager
Bound <Control-Alt-KeyPress-F> -> File Manager
Bound <Control-Alt-N> -> Notepad
Bound <Control-Alt-n> -> Notepad
Bound <Control-Alt-KeyPress-N> -> Notepad
Bound <Control-Alt-KeyPress-n> -> Notepad
Bound <Control-Alt-KeyPress-t> -> Terminal
Bound <Control-Alt-t> -> Terminal
Bound <Control-Alt-KeyPress-T> -> Terminal
Bound <Control-Alt-T> -> Terminal
Bound <Control-Alt-c> -> Calculator
Bound <Control-Alt-KeyPress-c> -> Calculator
Bound <Control-Alt-C> -> Calculator
Bound <Control-Alt-KeyPress-C> -> Calculator
Bound <Control-Alt-KeyPress-s> -> Settings
Bound <Control-Alt-KeyPress-S> -> Settings
Bound <Control-Alt-s> -> Settings
Bound <Control-Alt-S> -> Settings
Bound <Control-Alt-KeyPress-w> -> Web Browser
Bound <Control-Alt-KeyPress-W> -> Web Browser
Bound <Control-Alt-w> -> Web Browser
Bound <Control-Alt-W> -> Web Browser
Bound <Control-Alt-K> -> Code Editor
Bound <Control-Alt-k> -> Code Editor
Bound <Control-Alt-KeyPress-K> -> Code Editor
Bound <Control-Alt-KeyPress-k> -> Code Editor

--- register_shortcuts called at 2026-07-03T23:46:41.363900 ---
{"File Manager": "Ctrl+Alt+F", "Notepad": "Ctrl+Alt+N", "Terminal": "Ctrl+Alt+T", "Calculator": "Ctrl+Alt+C", "Settings": "Ctrl+Alt+S", "Web Browser": "Ctrl+Alt+W", "Code Editor": "Ctrl+Alt+K"}
Bound <Control-Alt-KeyPress-F> -> File Manager
Bound <Control-Alt-f> -> File Manager
Bound <Control-Alt-F> -> File Manager
Bound <Control-Alt-KeyPress-f> -> File Manager
Bound <Control-Alt-KeyPress-N> -> Notepad
Bound <Control-Alt-N> -> Notepad
Bound <Control-Alt-KeyPress-n> -> Notepad
Bound <Control-Alt-n> -> Notepad
Bound <Control-Alt-KeyPress-t> -> Terminal
Bound <Control-Alt-t> -> Terminal
Bound <Control-Alt-KeyPress-T> -> Terminal
Bound <Control-Alt-T> -> Terminal
Bound <Control-Alt-C> -> Calculator
Bound <Control-Alt-KeyPress-c> -> Calculator
Bound <Control-Alt-c> -> Calculator
Bound <Control-Alt-KeyPress-C> -> Calculator
Bound <Control-Alt-KeyPress-s> -> Settings
Bound <Control-Alt-s> -> Settings
Bound <Control-Alt-S> -> Settings
Bound <Control-Alt-KeyPress-S> -> Settings
Bound <Control-Alt-KeyPress-W> -> Web Browser
Bound <Control-Alt-KeyPress-w> -> Web Browser
Bound <Control-Alt-W> -> Web Browser
Bound <Control-Alt-w> -> Web Browser
Bound <Control-Alt-k> -> Code Editor
Bound <Control-Alt-KeyPress-k> -> Code Editor
Bound <Control-Alt-K> -> Code Editor
Bound <Control-Alt-KeyPress-K> -> Code Editor

--- register_shortcuts called at 2026-07-03T23:53:39.546295 ---
{"File Manager": "Ctrl+Alt+F", "Notepad": "Ctrl+Alt+N", "Terminal": "Ctrl+Alt+T", "Calculator": "Ctrl+Alt+C", "Settings": "Ctrl+Alt+S", "Web Browser": "Ctrl+Alt+W", "Code Editor": "Ctrl+Alt+K"}
Bound <Control-Alt-KeyPress-f> -> File Manager
Bound <Control-Alt-F> -> File Manager
Bound <Control-Alt-f> -> File Manager
Bound <Control-Alt-KeyPress-F> -> File Manager
Bound <Control-Alt-KeyPress-N> -> Notepad
Bound <Control-Alt-N> -> Notepad
Bound <Control-Alt-n> -> Notepad
Bound <Control-Alt-KeyPress-n> -> Notepad
Bound <Control-Alt-T> -> Terminal
Bound <Control-Alt-KeyPress-T> -> Terminal
Bound <Control-Alt-KeyPress-t> -> Terminal
Bound <Control-Alt-t> -> Terminal
Bound <Control-Alt-C> -> Calculator
Bound <Control-Alt-KeyPress-C> -> Calculator
Bound <Control-Alt-c> -> Calculator
Bound <Control-Alt-KeyPress-c> -> Calculator
Bound <Control-Alt-S> -> Settings
Bound <Control-Alt-s> -> Settings
Bound <Control-Alt-KeyPress-S> -> Settings
Bound <Control-Alt-KeyPress-s> -> Settings
Bound <Control-Alt-KeyPress-W> -> Web Browser
Bound <Control-Alt-KeyPress-w> -> Web Browser
Bound <Control-Alt-W> -> Web Browser
Bound <Control-Alt-w> -> Web Browser
Bound <Control-Alt-KeyPress-K> -> Code Editor
Bound <Control-Alt-KeyPress-k> -> Code Editor
Bound <Control-Alt-k> -> Code Editor
Bound <Control-Alt-K> -> Code Editor

--- register_shortcuts called at 2026-07-19T03:32:03.743757 ---
{"File Manager": "Ctrl+Alt+F", "Notepad": "Ctrl+Alt+N", "Terminal": "Ctrl+Alt+T", "Calculator": "Ctrl+Alt+C", "Settings": "Ctrl+Alt+S", "Web Browser": "Ctrl+Alt+W", "Code Editor": "Ctrl+Alt+K"}
Bound <Control-Alt-f> -> File Manager
Bound <Control-Alt-F> -> File Manager
Bound <Control-Alt-KeyPress-F> -> File Manager
Bound <Control-Alt-KeyPress-f> -> File Manager
Bound <Control-Alt-KeyPress-N> -> Notepad
Bound <Control-Alt-n> -> Notepad
Bound <Control-Alt-KeyPress-n> -> Notepad
Bound <Control-Alt-N> -> Notepad
Bound <Control-Alt-KeyPress-T> -> Terminal
Bound <Control-Alt-KeyPress-t> -> Terminal
Bound <Control-Alt-t> -> Terminal
Bound <Control-Alt-T> -> Terminal
Bound <Control-Alt-c> -> Calculator
Bound <Control-Alt-KeyPress-C> -> Calculator
Bound <Control-Alt-KeyPress-c> -> Calculator
Bound <Control-Alt-C> -> Calculator
Bound <Control-Alt-KeyPress-s> -> Settings
Bound <Control-Alt-s> -> Settings
Bound <Control-Alt-KeyPress-S> -> Settings
Bound <Control-Alt-S> -> Settings
Bound <Control-Alt-w> -> Web Browser
Bound <Control-Alt-KeyPress-w> -> Web Browser
Bound <Control-Alt-W> -> Web Browser
Bound <Control-Alt-KeyPress-W> -> Web Browser
Bound <Control-Alt-k> -> Code Editor
Bound <Control-Alt-K> -> Code Editor
Bound <Control-Alt-KeyPress-k> -> Code Editor
Bound <Control-Alt-KeyPress-K> -> Code Editor

--- register_shortcuts called at 2026-07-21T22:35:54.954362 ---
{"File Manager": "Ctrl+Alt+F", "Notepad": "Ctrl+Alt+N", "Terminal": "Ctrl+Alt+T", "Calculator": "Ctrl+Alt+C", "Settings": "Ctrl+Alt+S", "Web Browser": "Ctrl+Alt+W", "Code Editor": "Ctrl+Alt+K"}
Bound <Control-Alt-KeyPress-F> -> File Manager
Bound <Control-Alt-KeyPress-f> -> File Manager
Bound <Control-Alt-f> -> File Manager
Bound <Control-Alt-F> -> File Manager
Bound <Control-Alt-KeyPress-N> -> Notepad
Bound <Control-Alt-KeyPress-n> -> Notepad
Bound <Control-Alt-n> -> Notepad
Bound <Control-Alt-N> -> Notepad
Bound <Control-Alt-KeyPress-T> -> Terminal
Bound <Control-Alt-T> -> Terminal
Bound <Control-Alt-t> -> Terminal
Bound <Control-Alt-KeyPress-t> -> Terminal
Bound <Control-Alt-C> -> Calculator
Bound <Control-Alt-KeyPress-C> -> Calculator
Bound <Control-Alt-KeyPress-c> -> Calculator
Bound <Control-Alt-c> -> Calculator
Bound <Control-Alt-s> -> Settings
Bound <Control-Alt-S> -> Settings
Bound <Control-Alt-KeyPress-s> -> Settings
Bound <Control-Alt-KeyPress-S> -> Settings
Bound <Control-Alt-W> -> Web Browser
Bound <Control-Alt-KeyPress-w> -> Web Browser
Bound <Control-Alt-w> -> Web Browser
Bound <Control-Alt-KeyPress-W> -> Web Browser
Bound <Control-Alt-k> -> Code Editor
Bound <Control-Alt-KeyPress-k> -> Code Editor
Bound <Control-Alt-K> -> Code Editor
Bound <Control-Alt-KeyPress-K> -> Code Editor
2026-07-21T22:36:04.776439 - Shortcut pressed: Terminal event=<KeyPress event send_event=True state=Control|Mod3|0x20000 keysym=t keycode=84 x=400 y=180>

--- register_shortcuts called at 2026-07-25T18:28:50.528751 ---
{"File Manager": "Ctrl+Alt+F", "Notepad": "Ctrl+Alt+N", "Terminal": "Ctrl+Alt+T", "Calculator": "Ctrl+Alt+C", "Settings": "Ctrl+Alt+S", "Web Browser": "Ctrl+Alt+W", "Code Editor": "Ctrl+Alt+K"}
Bound <Control-Alt-KeyPress-f> -> File Manager
Bound <Control-Alt-F> -> File Manager
Bound <Control-Alt-f> -> File Manager
Bound <Control-Alt-KeyPress-F> -> File Manager
Bound <Control-Alt-n> -> Notepad
Bound <Control-Alt-KeyPress-n> -> Notepad
Bound <Control-Alt-KeyPress-N> -> Notepad
Bound <Control-Alt-N> -> Notepad
Bound <Control-Alt-KeyPress-T> -> Terminal
Bound <Control-Alt-t> -> Terminal
Bound <Control-Alt-KeyPress-t> -> Terminal
Bound <Control-Alt-T> -> Terminal
Bound <Control-Alt-C> -> Calculator
Bound <Control-Alt-KeyPress-C> -> Calculator
Bound <Control-Alt-KeyPress-c> -> Calculator
Bound <Control-Alt-c> -> Calculator
Bound <Control-Alt-s> -> Settings
Bound <Control-Alt-S> -> Settings
Bound <Control-Alt-KeyPress-s> -> Settings
Bound <Control-Alt-KeyPress-S> -> Settings
Bound <Control-Alt-W> -> Web Browser
Bound <Control-Alt-w> -> Web Browser
Bound <Control-Alt-KeyPress-W> -> Web Browser
Bound <Control-Alt-KeyPress-w> -> Web Browser
Bound <Control-Alt-KeyPress-K> -> Code Editor
Bound <Control-Alt-K> -> Code Editor
Bound <Control-Alt-KeyPress-k> -> Code Editor
Bound <Control-Alt-k> -> Code Editor

--- register_shortcuts called at 2026-07-25T18:29:57.119606 ---
{"File Manager": "Ctrl+Alt+F", "Notepad": "Ctrl+Alt+N", "Terminal": "Ctrl+Alt+T", "Calculator": "Ctrl+Alt+C", "Settings": "Ctrl+Alt+S", "Web Browser": "Ctrl+Alt+W", "Code Editor": "Ctrl+Alt+K"}
Bound <Control-Alt-KeyPress-f> -> File Manager
Bound <Control-Alt-F> -> File Manager
Bound <Control-Alt-KeyPress-F> -> File Manager
Bound <Control-Alt-f> -> File Manager
Bound <Control-Alt-N> -> Notepad
Bound <Control-Alt-KeyPress-N> -> Notepad
Bound <Control-Alt-n> -> Notepad
Bound <Control-Alt-KeyPress-n> -> Notepad
Bound <Control-Alt-T> -> Terminal
Bound <Control-Alt-KeyPress-t> -> Terminal
Bound <Control-Alt-KeyPress-T> -> Terminal
Bound <Control-Alt-t> -> Terminal
Bound <Control-Alt-KeyPress-c> -> Calculator
Bound <Control-Alt-C> -> Calculator
Bound <Control-Alt-c> -> Calculator
Bound <Control-Alt-KeyPress-C> -> Calculator
Bound <Control-Alt-S> -> Settings
Bound <Control-Alt-KeyPress-s> -> Settings
Bound <Control-Alt-s> -> Settings
Bound <Control-Alt-KeyPress-S> -> Settings
Bound <Control-Alt-W> -> Web Browser
Bound <Control-Alt-w> -> Web Browser
Bound <Control-Alt-KeyPress-W> -> Web Browser
Bound <Control-Alt-KeyPress-w> -> Web Browser
Bound <Control-Alt-KeyPress-k> -> Code Editor
Bound <Control-Alt-k> -> Code Editor
Bound <Control-Alt-KeyPress-K> -> Code Editor
Bound <Control-Alt-K> -> Code Editor

--- register_shortcuts called at 2026-07-25T18:30:39.325122 ---
{"File Manager": "Ctrl+Alt+F", "Notepad": "Ctrl+Alt+N", "Terminal": "Ctrl+Alt+T", "Calculator": "Ctrl+Alt+C", "Settings": "Ctrl+Alt+S", "Web Browser": "Ctrl+Alt+W", "Code Editor": "Ctrl+Alt+K"}
Bound <Control-Alt-F> -> File Manager
Bound <Control-Alt-KeyPress-f> -> File Manager
Bound <Control-Alt-KeyPress-F> -> File Manager
Bound <Control-Alt-f> -> File Manager
Bound <Control-Alt-KeyPress-n> -> Notepad
Bound <Control-Alt-n> -> Notepad
Bound <Control-Alt-KeyPress-N> -> Notepad
Bound <Control-Alt-N> -> Notepad
Bound <Control-Alt-KeyPress-T> -> Terminal
Bound <Control-Alt-KeyPress-t> -> Terminal
Bound <Control-Alt-T> -> Terminal
Bound <Control-Alt-t> -> Terminal
Bound <Control-Alt-c> -> Calculator
Bound <Control-Alt-KeyPress-c> -> Calculator
Bound <Control-Alt-C> -> Calculator
Bound <Control-Alt-KeyPress-C> -> Calculator
Bound <Control-Alt-KeyPress-S> -> Settings
Bound <Control-Alt-S> -> Settings
Bound <Control-Alt-KeyPress-s> -> Settings
Bound <Control-Alt-s> -> Settings
Bound <Control-Alt-W> -> Web Browser
Bound <Control-Alt-KeyPress-w> -> Web Browser
Bound <Control-Alt-KeyPress-W> -> Web Browser
Bound <Control-Alt-w> -> Web Browser
Bound <Control-Alt-KeyPress-k> -> Code Editor
Bound <Control-Alt-K> -> Code Editor
Bound <Control-Alt-k> -> Code Editor
Bound <Control-Alt-KeyPress-K> -> Code Editor

--- register_shortcuts called at 2026-07-25T18:31:13.767146 ---
{"File Manager": "Ctrl+Alt+F", "Notepad": "Ctrl+Alt+N", "Terminal": "Ctrl+Alt+T", "Calculator": "Ctrl+Alt+C", "Settings": "Ctrl+Alt+S", "Web Browser": "Ctrl+Alt+W", "Code Editor": "Ctrl+Alt+K"}
Bound <Control-Alt-KeyPress-f> -> File Manager
Bound <Control-Alt-F> -> File Manager
Bound <Control-Alt-KeyPress-F> -> File Manager
Bound <Control-Alt-f> -> File Manager
Bound <Control-Alt-n> -> Notepad
Bound <Control-Alt-KeyPress-n> -> Notepad
Bound <Control-Alt-N> -> Notepad
Bound <Control-Alt-KeyPress-N> -> Notepad
Bound <Control-Alt-KeyPress-t> -> Terminal
Bound <Control-Alt-T> -> Terminal
Bound <Control-Alt-KeyPress-T> -> Terminal
Bound <Control-Alt-t> -> Terminal
Bound <Control-Alt-KeyPress-C> -> Calculator
Bound <Control-Alt-KeyPress-c> -> Calculator
Bound <Control-Alt-c> -> Calculator
Bound <Control-Alt-C> -> Calculator
Bound <Control-Alt-KeyPress-s> -> Settings
Bound <Control-Alt-s> -> Settings
Bound <Control-Alt-S> -> Settings
Bound <Control-Alt-KeyPress-S> -> Settings
Bound <Control-Alt-w> -> Web Browser
Bound <Control-Alt-KeyPress-W> -> Web Browser
Bound <Control-Alt-KeyPress-w> -> Web Browser
Bound <Control-Alt-W> -> Web Browser
Bound <Control-Alt-K> -> Code Editor
Bound <Control-Alt-KeyPress-K> -> Code Editor
Bound <Control-Alt-k> -> Code Editor
Bound <Control-Alt-KeyPress-k> -> Code Editor

--- register_shortcuts called at 2026-08-13T21:00:28.188872 ---
{"File Manager": "Ctrl+Alt+F", "Notepad": "Ctrl+Alt+N", "Terminal": "Ctrl+Alt+T", "Calculator": "Ctrl+Alt+C", "Settings": "Ctrl+Alt+S", "Web Browser": "Ctrl+Alt+W", "Code Editor": "Ctrl+Alt+K"}
Bound <Control-Alt-f> -> File Manager
Bound <Control-Alt-KeyPress-F> -> File Manager
Bound <Control-Alt-KeyPress-f> -> File Manager
Bound <Control-Alt-F> -> File Manager
Bound <Control-Alt-n> -> Notepad
Bound <Control-Alt-KeyPress-n> -> Notepad
Bound <Control-Alt-N> -> Notepad
Bound <Control-Alt-KeyPress-N> -> Notepad
Bound <Control-Alt-T> -> Terminal
Bound <Control-Alt-KeyPress-T> -> Terminal
Bound <Control-Alt-KeyPress-t> -> Terminal
Bound <Control-Alt-t> -> Terminal
Bound <Control-Alt-c> -> Calculator
Bound <Control-Alt-KeyPress-c> -> Calculator
Bound <Control-Alt-C> -> Calculator
Bound <Control-Alt-KeyPress-C> -> Calculator
Bound <Control-Alt-S> -> Settings
Bound <Control-Alt-KeyPress-s> -> Settings
Bound <Control-Alt-KeyPress-S> -> Settings
Bound <Control-Alt-s> -> Settings
Bound <Control-Alt-W> -> Web Browser
Bound <Control-Alt-KeyPress-W> -> Web Browser
Bound <Control-Alt-w> -> Web Browser
Bound <Control-Alt-KeyPress-w> -> Web Browser
Bound <Control-Alt-KeyPress-k> -> Code Editor
Bound <Control-Alt-k> -> Code Editor
Bound <Control-Alt-KeyPress-K> -> Code Editor
Bound <Control-Alt-K> -> Code Editor

--- register_shortcuts called at 2026-08-13T22:18:57.469427 ---
{"File Manager": "Ctrl+Alt+F", "Notepad": "Ctrl+Alt+N", "Terminal": "Ctrl+Alt+T", "Calculator": "Ctrl+Alt+C", "Settings": "Ctrl+Alt+S", "Web Browser": "Ctrl+Alt+W", "Code Editor": "Ctrl+Alt+K"}
Bound <Control-Alt-KeyPress-F> -> File Manager
Bound <Control-Alt-F> -> File Manager
Bound <Control-Alt-f> -> File Manager
Bound <Control-Alt-KeyPress-f> -> File Manager
Bound <Control-Alt-N> -> Notepad
Bound <Control-Alt-KeyPress-n> -> Notepad
Bound <Control-Alt-n> -> Notepad
Bound <Control-Alt-KeyPress-N> -> Notepad
Bound <Control-Alt-t> -> Terminal
Bound <Control-Alt-KeyPress-T> -> Terminal
Bound <Control-Alt-T> -> Terminal
Bound <Control-Alt-KeyPress-t> -> Terminal
Bound <Control-Alt-KeyPress-C> -> Calculator
Bound <Control-Alt-c> -> Calculator
Bound <Control-Alt-KeyPress-c> -> Calculator
Bound <Control-Alt-C> -> Calculator
Bound <Control-Alt-s> -> Settings
Bound <Control-Alt-S> -> Settings
Bound <Control-Alt-KeyPress-s> -> Settings
Bound <Control-Alt-KeyPress-S> -> Settings
Bound <Control-Alt-KeyPress-W> -> Web Browser
Bound <Control-Alt-w> -> Web Browser
Bound <Control-Alt-KeyPress-w> -> Web Browser
Bound <Control-Alt-W> -> Web Browser
Bound <Control-Alt-KeyPress-K> -> Code Editor
Bound <Control-Alt-k> -> Code Editor
Bound <Control-Alt-KeyPress-k> -> Code Editor
Bound <Control-Alt-K> -> Code Editor

--- register_shortcuts called at 2026-08-13T22:22:51.547382 ---
{"File Manager": "Ctrl+Alt+F", "Notepad": "Ctrl+Alt+N", "Terminal": "Ctrl+Alt+T", "Calculator": "Ctrl+Alt+C", "Settings": "Ctrl+Alt+S", "Web Browser": "Ctrl+Alt+W", "Code Editor": "Ctrl+Alt+K"}
Bound <Control-Alt-KeyPress-f> -> File Manager
Bound <Control-Alt-f> -> File Manager
Bound <Control-Alt-KeyPress-F> -> File Manager
Bound <Control-Alt-F> -> File Manager
Bound <Control-Alt-n> -> Notepad
Bound <Control-Alt-KeyPress-n> -> Notepad
Bound <Control-Alt-KeyPress-N> -> Notepad
Bound <Control-Alt-N> -> Notepad
Bound <Control-Alt-T> -> Terminal
Bound <Control-Alt-t> -> Terminal
Bound <Control-Alt-KeyPress-T> -> Terminal
Bound <Control-Alt-KeyPress-t> -> Terminal
Bound <Control-Alt-c> -> Calculator
Bound <Control-Alt-KeyPress-C> -> Calculator
Bound <Control-Alt-C> -> Calculator
Bound <Control-Alt-KeyPress-c> -> Calculator
Bound <Control-Alt-S> -> Settings
Bound <Control-Alt-s> -> Settings
Bound <Control-Alt-KeyPress-s> -> Settings
Bound <Control-Alt-KeyPress-S> -> Settings
Bound <Control-Alt-w> -> Web Browser
Bound <Control-Alt-W> -> Web Browser
Bound <Control-Alt-KeyPress-w> -> Web Browser
Bound <Control-Alt-KeyPress-W> -> Web Browser
Bound <Control-Alt-k> -> Code Editor
Bound <Control-Alt-KeyPress-K> -> Code Editor
Bound <Control-Alt-K> -> Code Editor
Bound <Control-Alt-KeyPress-k> -> Code Editor

--- register_shortcuts called at 2026-08-13T23:20:37.639729 ---
{"File Manager": "Ctrl+Alt+F", "Notepad": "Ctrl+Alt+N", "Terminal": "Ctrl+Alt+T", "Calculator": "Ctrl+Alt+C", "Settings": "Ctrl+Alt+S", "Web Browser": "Ctrl+Alt+W", "Code Editor": "Ctrl+Alt+K"}
Bound <Control-Alt-F> -> File Manager
Bound <Control-Alt-f> -> File Manager
Bound <Control-Alt-KeyPress-f> -> File Manager
Bound <Control-Alt-KeyPress-F> -> File Manager
Bound <Control-Alt-N> -> Notepad
Bound <Control-Alt-KeyPress-N> -> Notepad
Bound <Control-Alt-KeyPress-n> -> Notepad
Bound <Control-Alt-n> -> Notepad
Bound <Control-Alt-KeyPress-T> -> Terminal
Bound <Control-Alt-T> -> Terminal
Bound <Control-Alt-KeyPress-t> -> Terminal
Bound <Control-Alt-t> -> Terminal
Bound <Control-Alt-KeyPress-C> -> Calculator
Bound <Control-Alt-KeyPress-c> -> Calculator
Bound <Control-Alt-c> -> Calculator
Bound <Control-Alt-C> -> Calculator
Bound <Control-Alt-KeyPress-S> -> Settings
Bound <Control-Alt-s> -> Settings
Bound <Control-Alt-KeyPress-s> -> Settings
Bound <Control-Alt-S> -> Settings
Bound <Control-Alt-KeyPress-W> -> Web Browser
Bound <Control-Alt-KeyPress-w> -> Web Browser
Bound <Control-Alt-w> -> Web Browser
Bound <Control-Alt-W> -> Web Browser
Bound <Control-Alt-K> -> Code Editor
Bound <Control-Alt-k> -> Code Editor
Bound <Control-Alt-KeyPress-k> -> Code Editor
Bound <Control-Alt-KeyPress-K> -> Code Editor

--- register_shortcuts called at 2026-08-15T00:50:54.692836 ---
{"File Manager": "Ctrl+Alt+F", "Notepad": "Ctrl+Alt+N", "Terminal": "Ctrl+Alt+T", "Calculator": "Ctrl+Alt+C", "Settings": "Ctrl+Alt+S", "Web Browser": "Ctrl+Alt+W", "Code Editor": "Ctrl+Alt+K"}
Bound <Control-Alt-KeyPress-f> -> File Manager
Bound <Control-Alt-F> -> File Manager
Bound <Control-Alt-f> -> File Manager
Bound <Control-Alt-KeyPress-F> -> File Manager
Bound <Control-Alt-KeyPress-N> -> Notepad
Bound <Control-Alt-N> -> Notepad
Bound <Control-Alt-KeyPress-n> -> Notepad
Bound <Control-Alt-n> -> Notepad
Bound <Control-Alt-t> -> Terminal
Bound <Control-Alt-KeyPress-t> -> Terminal
Bound <Control-Alt-KeyPress-T> -> Terminal
Bound <Control-Alt-T> -> Terminal
Bound <Control-Alt-KeyPress-c> -> Calculator
Bound <Control-Alt-C> -> Calculator
Bound <Control-Alt-KeyPress-C> -> Calculator
Bound <Control-Alt-c> -> Calculator
Bound <Control-Alt-KeyPress-S> -> Settings
Bound <Control-Alt-S> -> Settings
Bound <Control-Alt-s> -> Settings
Bound <Control-Alt-KeyPress-s> -> Settings
Bound <Control-Alt-w> -> Web Browser
Bound <Control-Alt-KeyPress-W> -> Web Browser
Bound <Control-Alt-W> -> Web Browser
Bound <Control-Alt-KeyPress-w> -> Web Browser
Bound <Control-Alt-KeyPress-k> -> Code Editor
Bound <Control-Alt-k> -> Code Editor
Bound <Control-Alt-K> -> Code Editor
Bound <Control-Alt-KeyPress-K> -> Code Editor

--- register_shortcuts called at 2026-08-27T19:14:10.352172 ---
{"File Manager": "Ctrl+Alt+F", "Notepad": "Ctrl+Alt+N", "Terminal": "Ctrl+Alt+T", "Calculator": "Ctrl+Alt+C", "Settings": "Ctrl+Alt+S", "Web Browser": "Ctrl+Alt+W", "Code Editor": "Ctrl+Alt+K"}
Bound <Control-Alt-KeyPress-F> -> File Manager
Bound <Control-Alt-f> -> File Manager
Bound <Control-Alt-KeyPress-f> -> File Manager
Bound <Control-Alt-F> -> File Manager
Bound <Control-Alt-KeyPress-N> -> Notepad
Bound <Control-Alt-N> -> Notepad
Bound <Control-Alt-KeyPress-n> -> Notepad
Bound <Control-Alt-n> -> Notepad
Bound <Control-Alt-KeyPress-t> -> Terminal
Bound <Control-Alt-KeyPress-T> -> Terminal
Bound <Control-Alt-T> -> Terminal
Bound <Control-Alt-t> -> Terminal
Bound <Control-Alt-KeyPress-c> -> Calculator
Bound <Control-Alt-C> -> Calculator
Bound <Control-Alt-c> -> Calculator
Bound <Control-Alt-KeyPress-C> -> Calculator
Bound <Control-Alt-s> -> Settings
Bound <Control-Alt-KeyPress-S> -> Settings
Bound <Control-Alt-KeyPress-s> -> Settings
Bound <Control-Alt-S> -> Settings
Bound <Control-Alt-W> -> Web Browser
Bound <Control-Alt-w> -> Web Browser
Bound <Control-Alt-KeyPress-W> -> Web Browser
Bound <Control-Alt-KeyPress-w> -> Web Browser
Bound <Control-Alt-KeyPress-K> -> Code Editor
Bound <Control-Alt-K> -> Code Editor
Bound <Control-Alt-KeyPress-k> -> Code Editor
Bound <Control-Alt-k> -> Code Editor

--- register_shortcuts called at 2026-08-27T19:50:48.496374 ---
{"File Manager": "Ctrl+Alt+F", "Notepad": "Ctrl+Alt+N", "Terminal": "Ctrl+Alt+T", "Calculator": "Ctrl+Alt+C", "Settings": "Ctrl+Alt+S", "Web Browser": "Ctrl+Alt+W", "Code Editor": "Ctrl+Alt+K"}
Bound <Control-Alt-KeyPress-F> -> File Manager
Bound <Control-Alt-KeyPress-f> -> File Manager
Bound <Control-Alt-f> -> File Manager
Bound <Control-Alt-F> -> File Manager
Bound <Control-Alt-n> -> Notepad
Bound <Control-Alt-N> -> Notepad
Bound <Control-Alt-KeyPress-N> -> Notepad
Bound <Control-Alt-KeyPress-n> -> Notepad
Bound <Control-Alt-KeyPress-T> -> Terminal
Bound <Control-Alt-t> -> Terminal
Bound <Control-Alt-KeyPress-t> -> Terminal
Bound <Control-Alt-T> -> Terminal
Bound <Control-Alt-c> -> Calculator
Bound <Control-Alt-C> -> Calculator
Bound <Control-Alt-KeyPress-c> -> Calculator
Bound <Control-Alt-KeyPress-C> -> Calculator
Bound <Control-Alt-KeyPress-S> -> Settings
Bound <Control-Alt-s> -> Settings
Bound <Control-Alt-KeyPress-s> -> Settings
Bound <Control-Alt-S> -> Settings
Bound <Control-Alt-KeyPress-w> -> Web Browser
Bound <Control-Alt-w> -> Web Browser
Bound <Control-Alt-W> -> Web Browser
Bound <Control-Alt-KeyPress-W> -> Web Browser
Bound <Control-Alt-K> -> Code Editor
Bound <Control-Alt-KeyPress-K> -> Code Editor
Bound <Control-Alt-k> -> Code Editor
Bound <Control-Alt-KeyPress-k> -> Code Editor

--- register_shortcuts called at 2026-08-27T20:38:46.548534 ---
{"File Manager": "Ctrl+Alt+F", "Notepad": "Ctrl+Alt+N", "Terminal": "Ctrl+Alt+T", "Calculator": "Ctrl+Alt+C", "Settings": "Ctrl+Alt+S", "Web Browser": "Ctrl+Alt+W", "Code Editor": "Ctrl+Alt+K"}
Bound <Control-Alt-KeyPress-F> -> File Manager
Bound <Control-Alt-KeyPress-f> -> File Manager
Bound <Control-Alt-f> -> File Manager
Bound <Control-Alt-F> -> File Manager
Bound <Control-Alt-KeyPress-N> -> Notepad
Bound <Control-Alt-N> -> Notepad
Bound <Control-Alt-KeyPress-n> -> Notepad
Bound <Control-Alt-n> -> Notepad
Bound <Control-Alt-KeyPress-t> -> Terminal
Bound <Control-Alt-t> -> Terminal
Bound <Control-Alt-T> -> Terminal
Bound <Control-Alt-KeyPress-T> -> Terminal
Bound <Control-Alt-KeyPress-c> -> Calculator
Bound <Control-Alt-C> -> Calculator
Bound <Control-Alt-KeyPress-C> -> Calculator
Bound <Control-Alt-c> -> Calculator
Bound <Control-Alt-s> -> Settings
Bound <Control-Alt-KeyPress-S> -> Settings
Bound <Control-Alt-KeyPress-s> -> Settings
Bound <Control-Alt-S> -> Settings
Bound <Control-Alt-KeyPress-w> -> Web Browser
Bound <Control-Alt-w> -> Web Browser
Bound <Control-Alt-W> -> Web Browser
Bound <Control-Alt-KeyPress-W> -> Web Browser
Bound <Control-Alt-k> -> Code Editor
Bound <Control-Alt-K> -> Code Editor
Bound <Control-Alt-KeyPress-K> -> Code Editor
Bound <Control-Alt-KeyPress-k> -> Code Editor

--- register_shortcuts called at 2026-08-27T20:39:18.703348 ---
{"File Manager": "Ctrl+Alt+F", "Notepad": "Ctrl+Alt+N", "Terminal": "Ctrl+Alt+T", "Calculator": "Ctrl+Alt+C", "Settings": "Ctrl+Alt+S", "Web Browser": "Ctrl+Alt+W", "Code Editor": "Ctrl+Alt+K", "market": "0"}
Bound <Control-Alt-KeyPress-F> -> File Manager
Bound <Control-Alt-KeyPress-f> -> File Manager
Bound <Control-Alt-f> -> File Manager
Bound <Control-Alt-F> -> File Manager
Bound <Control-Alt-KeyPress-N> -> Notepad
Bound <Control-Alt-N> -> Notepad
Bound <Control-Alt-KeyPress-n> -> Notepad
Bound <Control-Alt-n> -> Notepad
Bound <Control-Alt-KeyPress-t> -> Terminal
Bound <Control-Alt-t> -> Terminal
Bound <Control-Alt-T> -> Terminal
Bound <Control-Alt-KeyPress-T> -> Terminal
Bound <Control-Alt-KeyPress-c> -> Calculator
Bound <Control-Alt-C> -> Calculator
Bound <Control-Alt-KeyPress-C> -> Calculator
Bound <Control-Alt-c> -> Calculator
Bound <Control-Alt-s> -> Settings
Bound <Control-Alt-KeyPress-S> -> Settings
Bound <Control-Alt-KeyPress-s> -> Settings
Bound <Control-Alt-S> -> Settings
Bound <Control-Alt-KeyPress-w> -> Web Browser
Bound <Control-Alt-w> -> Web Browser
Bound <Control-Alt-W> -> Web Browser
Bound <Control-Alt-KeyPress-W> -> Web Browser
Bound <Control-Alt-k> -> Code Editor
Bound <Control-Alt-K> -> Code Editor
Bound <Control-Alt-KeyPress-K> -> Code Editor
Bound <Control-Alt-KeyPress-k> -> Code Editor
Bound <0> -> market
2026-08-27T20:39:34.763049 - Shortcut pressed: market event=<KeyPress event send_event=True state=Control|Mod1|Mod3 keysym=0 keycode=48 x=-1 y=102>

--- register_shortcuts called at 2026-08-27T20:39:36.604989 ---
{"File Manager": "Ctrl+Alt+F", "Notepad": "Ctrl+Alt+N", "Terminal": "Ctrl+Alt+T", "Calculator": "Ctrl+Alt+C", "Settings": "Ctrl+Alt+S", "Web Browser": "Ctrl+Alt+W", "Code Editor": "Ctrl+Alt+K", "market": "0", "ForzeOS Market": "Ctrl+0"}
Bound <Control-Alt-KeyPress-F> -> File Manager
Bound <Control-Alt-KeyPress-f> -> File Manager
Bound <Control-Alt-f> -> File Manager
Bound <Control-Alt-F> -> File Manager
Bound <Control-Alt-KeyPress-N> -> Notepad
Bound <Control-Alt-N> -> Notepad
Bound <Control-Alt-KeyPress-n> -> Notepad
Bound <Control-Alt-n> -> Notepad
Bound <Control-Alt-KeyPress-t> -> Terminal
Bound <Control-Alt-t> -> Terminal
Bound <Control-Alt-T> -> Terminal
Bound <Control-Alt-KeyPress-T> -> Terminal
Bound <Control-Alt-KeyPress-c> -> Calculator
Bound <Control-Alt-C> -> Calculator
Bound <Control-Alt-KeyPress-C> -> Calculator
Bound <Control-Alt-c> -> Calculator
Bound <Control-Alt-s> -> Settings
Bound <Control-Alt-KeyPress-S> -> Settings
Bound <Control-Alt-KeyPress-s> -> Settings
Bound <Control-Alt-S> -> Settings
Bound <Control-Alt-KeyPress-w> -> Web Browser
Bound <Control-Alt-w> -> Web Browser
Bound <Control-Alt-W> -> Web Browser
Bound <Control-Alt-KeyPress-W> -> Web Browser
Bound <Control-Alt-k> -> Code Editor
Bound <Control-Alt-K> -> Code Editor
Bound <Control-Alt-KeyPress-K> -> Code Editor
Bound <Control-Alt-KeyPress-k> -> Code Editor
Bound <0> -> market
Bound <Control-KeyPress-0> -> ForzeOS Market
Bound <Control-0> -> ForzeOS Market
2026-08-27T20:39:37.395046 - Shortcut pressed: ForzeOS Market event=<KeyPress event send_event=True state=Control|Mod1|Mod3 keysym=0 keycode=48 x=805 y=519>
2026-08-27T20:39:40.282843 - Shortcut pressed: ForzeOS Market event=<KeyPress event send_event=True state=Control|Mod1|Mod3 keysym=0 keycode=48 x=632 y=657>
2026-08-27T20:39:49.091519 - Shortcut pressed: market event=<KeyPress event send_event=True state=Mod1|Mod3 keysym=0 keycode=48 char='0' x=414 y=635>
2026-08-27T20:40:19.996433 - Shortcut pressed: ForzeOS Market event=<KeyPress event send_event=True state=Control|Mod1|Mod3|0x20000 keysym=0 keycode=48 x=78 y=24>

--- register_shortcuts called at 2026-08-27T20:40:22.106548 ---
{"File Manager": "Ctrl+Alt+F", "Notepad": "Ctrl+Alt+N", "Terminal": "Ctrl+Alt+T", "Calculator": "Ctrl+Alt+C", "Settings": "Ctrl+Alt+S", "Web Browser": "Ctrl+Alt+W", "Code Editor": "Ctrl+Alt+K", "market": "0", "ForzeOS Market": "Ctrl+Alt+0"}
Bound <Control-Alt-KeyPress-F> -> File Manager
Bound <Control-Alt-KeyPress-f> -> File Manager
Bound <Control-Alt-f> -> File Manager
Bound <Control-Alt-F> -> File Manager
Bound <Control-Alt-KeyPress-N> -> Notepad
Bound <Control-Alt-N> -> Notepad
Bound <Control-Alt-KeyPress-n> -> Notepad
Bound <Control-Alt-n> -> Notepad
Bound <Control-Alt-KeyPress-t> -> Terminal
Bound <Control-Alt-t> -> Terminal
Bound <Control-Alt-T> -> Terminal
Bound <Control-Alt-KeyPress-T> -> Terminal
Bound <Control-Alt-KeyPress-c> -> Calculator
Bound <Control-Alt-C> -> Calculator
Bound <Control-Alt-KeyPress-C> -> Calculator
Bound <Control-Alt-c> -> Calculator
Bound <Control-Alt-s> -> Settings
Bound <Control-Alt-KeyPress-S> -> Settings
Bound <Control-Alt-KeyPress-s> -> Settings
Bound <Control-Alt-S> -> Settings
Bound <Control-Alt-KeyPress-w> -> Web Browser
Bound <Control-Alt-w> -> Web Browser
Bound <Control-Alt-W> -> Web Browser
Bound <Control-Alt-KeyPress-W> -> Web Browser
Bound <Control-Alt-k> -> Code Editor
Bound <Control-Alt-K> -> Code Editor
Bound <Control-Alt-KeyPress-K> -> Code Editor
Bound <Control-Alt-KeyPress-k> -> Code Editor
Bound <0> -> market
Bound <Control-Alt-0> -> ForzeOS Market
Bound <Control-Alt-KeyPress-0> -> ForzeOS Market
2026-08-27T20:40:23.707833 - Shortcut pressed: ForzeOS Market event=<KeyPress event send_event=True state=Control|Mod1|Mod3|0x20000 keysym=0 keycode=48 x=771 y=417>

--- register_shortcuts called at 2026-08-27T20:40:31.700373 ---
{"File Manager": "Ctrl+Alt+F", "Notepad": "Ctrl+Alt+N", "Terminal": "Ctrl+Alt+T", "Calculator": "Ctrl+Alt+C", "Settings": "Ctrl+Alt+S", "Web Browser": "Ctrl+Alt+W", "Code Editor": "Ctrl+Alt+K", "ForzeOS Market": "Ctrl+Alt+0"}
Bound <Control-Alt-KeyPress-F> -> File Manager
Bound <Control-Alt-KeyPress-f> -> File Manager
Bound <Control-Alt-f> -> File Manager
Bound <Control-Alt-F> -> File Manager
Bound <Control-Alt-KeyPress-N> -> Notepad
Bound <Control-Alt-N> -> Notepad
Bound <Control-Alt-KeyPress-n> -> Notepad
Bound <Control-Alt-n> -> Notepad
Bound <Control-Alt-KeyPress-t> -> Terminal
Bound <Control-Alt-t> -> Terminal
Bound <Control-Alt-T> -> Terminal
Bound <Control-Alt-KeyPress-T> -> Terminal
Bound <Control-Alt-KeyPress-c> -> Calculator
Bound <Control-Alt-C> -> Calculator
Bound <Control-Alt-KeyPress-C> -> Calculator
Bound <Control-Alt-c> -> Calculator
Bound <Control-Alt-s> -> Settings
Bound <Control-Alt-KeyPress-S> -> Settings
Bound <Control-Alt-KeyPress-s> -> Settings
Bound <Control-Alt-S> -> Settings
Bound <Control-Alt-KeyPress-w> -> Web Browser
Bound <Control-Alt-w> -> Web Browser
Bound <Control-Alt-W> -> Web Browser
Bound <Control-Alt-KeyPress-W> -> Web Browser
Bound <Control-Alt-k> -> Code Editor
Bound <Control-Alt-K> -> Code Editor
Bound <Control-Alt-KeyPress-K> -> Code Editor
Bound <Control-Alt-KeyPress-k> -> Code Editor
Bound <Control-Alt-0> -> ForzeOS Market
Bound <Control-Alt-KeyPress-0> -> ForzeOS Market
2026-08-27T20:42:02.813961 - Shortcut pressed: Terminal event=<KeyPress event send_event=True state=Control|Mod1|Mod3|0x20000 keysym=t keycode=84 x=664 y=-203>
2026-08-27T20:42:04.865683 - Shortcut pressed: Terminal event=<KeyPress event send_event=True state=Control|Mod1|Mod3|0x20000 keysym=t keycode=84 x=1002 y=-77>
2026-08-27T20:43:16.304235 - Shortcut pressed: File Manager event=<KeyPress event send_event=True state=Control|Mod1|Mod3|0x20000 keysym=f keycode=70 x=135 y=284>

--- register_shortcuts called at 2026-08-27T20:44:04.388606 ---
{"File Manager": "Ctrl+Alt+F", "Notepad": "Ctrl+Alt+N", "Terminal": "Ctrl+Alt+T", "Calculator": "Ctrl+Alt+C", "Settings": "Ctrl+Alt+S", "Web Browser": "Ctrl+Alt+W", "Code Editor": "Ctrl+Alt+K", "ForzeOS Market": "Ctrl+Alt+0"}
Bound <Control-Alt-f> -> File Manager
Bound <Control-Alt-F> -> File Manager
Bound <Control-Alt-KeyPress-F> -> File Manager
Bound <Control-Alt-KeyPress-f> -> File Manager
Bound <Control-Alt-KeyPress-N> -> Notepad
Bound <Control-Alt-KeyPress-n> -> Notepad
Bound <Control-Alt-N> -> Notepad
Bound <Control-Alt-n> -> Notepad
Bound <Control-Alt-KeyPress-t> -> Terminal
Bound <Control-Alt-t> -> Terminal
Bound <Control-Alt-T> -> Terminal
Bound <Control-Alt-KeyPress-T> -> Terminal
Bound <Control-Alt-KeyPress-C> -> Calculator
Bound <Control-Alt-KeyPress-c> -> Calculator
Bound <Control-Alt-c> -> Calculator
Bound <Control-Alt-C> -> Calculator
Bound <Control-Alt-KeyPress-S> -> Settings
Bound <Control-Alt-KeyPress-s> -> Settings
Bound <Control-Alt-s> -> Settings
Bound <Control-Alt-S> -> Settings
Bound <Control-Alt-w> -> Web Browser
Bound <Control-Alt-KeyPress-w> -> Web Browser
Bound <Control-Alt-KeyPress-W> -> Web Browser
Bound <Control-Alt-W> -> Web Browser
Bound <Control-Alt-KeyPress-k> -> Code Editor
Bound <Control-Alt-k> -> Code Editor
Bound <Control-Alt-KeyPress-K> -> Code Editor
Bound <Control-Alt-K> -> Code Editor
Bound <Control-Alt-KeyPress-0> -> ForzeOS Market
Bound <Control-Alt-0> -> ForzeOS Market
2026-08-27T20:44:06.722401 - Shortcut pressed: Terminal event=<KeyPress event send_event=True state=Control|Mod1|Mod3|0x20000 keysym=t keycode=84 x=264 y=178>

--- register_shortcuts called at 2026-09-04T18:50:52.348667 ---
{"File Manager": "Ctrl+Alt+F", "Notepad": "Ctrl+Alt+N", "Terminal": "Ctrl+Alt+T", "Calculator": "Ctrl+Alt+C", "Settings": "Ctrl+Alt+S", "Web Browser": "Ctrl+Alt+W", "Code Editor": "Ctrl+Alt+K", "ForzeOS Market": "Ctrl+Alt+0"}
Bound <Control-Alt-F> -> File Manager
Bound <Control-Alt-KeyPress-F> -> File Manager
Bound <Control-Alt-KeyPress-f> -> File Manager
Bound <Control-Alt-f> -> File Manager
Bound <Control-Alt-KeyPress-n> -> Notepad
Bound <Control-Alt-KeyPress-N> -> Notepad
Bound <Control-Alt-n> -> Notepad
Bound <Control-Alt-N> -> Notepad
Bound <Control-Alt-KeyPress-t> -> Terminal
Bound <Control-Alt-KeyPress-T> -> Terminal
Bound <Control-Alt-t> -> Terminal
Bound <Control-Alt-T> -> Terminal
Bound <Control-Alt-C> -> Calculator
Bound <Control-Alt-c> -> Calculator
Bound <Control-Alt-KeyPress-c> -> Calculator
Bound <Control-Alt-KeyPress-C> -> Calculator
Bound <Control-Alt-s> -> Settings
Bound <Control-Alt-KeyPress-s> -> Settings
Bound <Control-Alt-KeyPress-S> -> Settings
Bound <Control-Alt-S> -> Settings
Bound <Control-Alt-KeyPress-W> -> Web Browser
Bound <Control-Alt-KeyPress-w> -> Web Browser
Bound <Control-Alt-w> -> Web Browser
Bound <Control-Alt-W> -> Web Browser
Bound <Control-Alt-KeyPress-K> -> Code Editor
Bound <Control-Alt-k> -> Code Editor
Bound <Control-Alt-K> -> Code Editor
Bound <Control-Alt-KeyPress-k> -> Code Editor
Bound <Control-Alt-KeyPress-0> -> ForzeOS Market
Bound <Control-Alt-0> -> ForzeOS Market

--- register_shortcuts called at 2026-09-14T23:32:06.350489 ---
{"File Manager": "Ctrl+Alt+F", "Notepad": "Ctrl+Alt+N", "Terminal": "Ctrl+Alt+T", "Calculator": "Ctrl+Alt+C", "Settings": "Ctrl+Alt+S", "Web Browser": "Ctrl+Alt+W", "Code Editor": "Ctrl+Alt+K", "ForzeOS Market": "Ctrl+Alt+0"}
Bound <Control-Alt-KeyPress-f> -> File Manager
Bound <Control-Alt-KeyPress-F> -> File Manager
Bound <Control-Alt-f> -> File Manager
Bound <Control-Alt-F> -> File Manager
Bound <Control-Alt-N> -> Notepad
Bound <Control-Alt-KeyPress-n> -> Notepad
Bound <Control-Alt-KeyPress-N> -> Notepad
Bound <Control-Alt-n> -> Notepad
Bound <Control-Alt-KeyPress-t> -> Terminal
Bound <Control-Alt-t> -> Terminal
Bound <Control-Alt-T> -> Terminal
Bound <Control-Alt-KeyPress-T> -> Terminal
Bound <Control-Alt-C> -> Calculator
Bound <Control-Alt-c> -> Calculator
Bound <Control-Alt-KeyPress-c> -> Calculator
Bound <Control-Alt-KeyPress-C> -> Calculator
Bound <Control-Alt-S> -> Settings
Bound <Control-Alt-KeyPress-s> -> Settings
Bound <Control-Alt-KeyPress-S> -> Settings
Bound <Control-Alt-s> -> Settings
Bound <Control-Alt-w> -> Web Browser
Bound <Control-Alt-KeyPress-W> -> Web Browser
Bound <Control-Alt-KeyPress-w> -> Web Browser
Bound <Control-Alt-W> -> Web Browser
Bound <Control-Alt-KeyPress-K> -> Code Editor
Bound <Control-Alt-KeyPress-k> -> Code Editor
Bound <Control-Alt-k> -> Code Editor
Bound <Control-Alt-K> -> Code Editor
Bound <Control-Alt-KeyPress-0> -> ForzeOS Market
Bound <Control-Alt-0> -> ForzeOS Market

--- register_shortcuts called at 2026-09-14T23:37:46.503574 ---
{"File Manager": "Ctrl+Alt+F", "Notepad": "Ctrl+Alt+N", "Terminal": "Ctrl+Alt+T", "Calculator": "Ctrl+Alt+C", "Settings": "Ctrl+Alt+S", "Web Browser": "Ctrl+Alt+W", "Code Editor": "Ctrl+Alt+K", "ForzeOS Market": "Ctrl+Alt+0"}
Bound <Control-Alt-F> -> File Manager
Bound <Control-Alt-f> -> File Manager
Bound <Control-Alt-KeyPress-f> -> File Manager
Bound <Control-Alt-KeyPress-F> -> File Manager
Bound <Control-Alt-n> -> Notepad
Bound <Control-Alt-KeyPress-N> -> Notepad
Bound <Control-Alt-N> -> Notepad
Bound <Control-Alt-KeyPress-n> -> Notepad
Bound <Control-Alt-T> -> Terminal
Bound <Control-Alt-KeyPress-T> -> Terminal
Bound <Control-Alt-t> -> Terminal
Bound <Control-Alt-KeyPress-t> -> Terminal
Bound <Control-Alt-KeyPress-C> -> Calculator
Bound <Control-Alt-C> -> Calculator
Bound <Control-Alt-KeyPress-c> -> Calculator
Bound <Control-Alt-c> -> Calculator
Bound <Control-Alt-KeyPress-S> -> Settings
Bound <Control-Alt-KeyPress-s> -> Settings
Bound <Control-Alt-S> -> Settings
Bound <Control-Alt-s> -> Settings
Bound <Control-Alt-KeyPress-w> -> Web Browser
Bound <Control-Alt-w> -> Web Browser
Bound <Control-Alt-KeyPress-W> -> Web Browser
Bound <Control-Alt-W> -> Web Browser
Bound <Control-Alt-K> -> Code Editor
Bound <Control-Alt-KeyPress-K> -> Code Editor
Bound <Control-Alt-k> -> Code Editor
Bound <Control-Alt-KeyPress-k> -> Code Editor
Bound <Control-Alt-KeyPress-0> -> ForzeOS Market
Bound <Control-Alt-0> -> ForzeOS Market

--- register_shortcuts called at 2026-09-14T23:41:48.042988 ---
{"File Manager": "Ctrl+Alt+F", "Notepad": "Ctrl+Alt+N", "Terminal": "Ctrl+Alt+T", "Calculator": "Ctrl+Alt+C", "Settings": "Ctrl+Alt+S", "Web Browser": "Ctrl+Alt+W", "Code Editor": "Ctrl+Alt+K", "ForzeOS Market": "Ctrl+Alt+0"}
Bound <Control-Alt-KeyPress-F> -> File Manager
Bound <Control-Alt-f> -> File Manager
Bound <Control-Alt-F> -> File Manager
Bound <Control-Alt-KeyPress-f> -> File Manager
Bound <Control-Alt-KeyPress-N> -> Notepad
Bound <Control-Alt-KeyPress-n> -> Notepad
Bound <Control-Alt-N> -> Notepad
Bound <Control-Alt-n> -> Notepad
Bound <Control-Alt-t> -> Terminal
Bound <Control-Alt-T> -> Terminal
Bound <Control-Alt-KeyPress-T> -> Terminal
Bound <Control-Alt-KeyPress-t> -> Terminal
Bound <Control-Alt-KeyPress-C> -> Calculator
Bound <Control-Alt-KeyPress-c> -> Calculator
Bound <Control-Alt-c> -> Calculator
Bound <Control-Alt-C> -> Calculator
Bound <Control-Alt-KeyPress-S> -> Settings
Bound <Control-Alt-S> -> Settings
Bound <Control-Alt-s> -> Settings
Bound <Control-Alt-KeyPress-s> -> Settings
Bound <Control-Alt-w> -> Web Browser
Bound <Control-Alt-KeyPress-W> -> Web Browser
Bound <Control-Alt-W> -> Web Browser
Bound <Control-Alt-KeyPress-w> -> Web Browser
Bound <Control-Alt-KeyPress-k> -> Code Editor
Bound <Control-Alt-KeyPress-K> -> Code Editor
Bound <Control-Alt-K> -> Code Editor
Bound <Control-Alt-k> -> Code Editor
Bound <Control-Alt-0> -> ForzeOS Market
Bound <Control-Alt-KeyPress-0> -> ForzeOS Market

--- register_shortcuts called at 2026-09-15T00:26:04.797678 ---
{"File Manager": "Ctrl+Alt+F", "Notepad": "Ctrl+Alt+N", "Terminal": "Ctrl+Alt+T", "Calculator": "Ctrl+Alt+C", "Settings": "Ctrl+Alt+S", "Web Browser": "Ctrl+Alt+W", "Code Editor": "Ctrl+Alt+K", "ForzeOS Market": "Ctrl+Alt+0"}
Bound <Control-Alt-KeyPress-F> -> File Manager
Bound <Control-Alt-f> -> File Manager
Bound <Control-Alt-F> -> File Manager
Bound <Control-Alt-KeyPress-f> -> File Manager
Bound <Control-Alt-n> -> Notepad
Bound <Control-Alt-KeyPress-N> -> Notepad
Bound <Control-Alt-N> -> Notepad
Bound <Control-Alt-KeyPress-n> -> Notepad
Bound <Control-Alt-T> -> Terminal
Bound <Control-Alt-KeyPress-T> -> Terminal
Bound <Control-Alt-KeyPress-t> -> Terminal
Bound <Control-Alt-t> -> Terminal
Bound <Control-Alt-C> -> Calculator
Bound <Control-Alt-KeyPress-c> -> Calculator
Bound <Control-Alt-c> -> Calculator
Bound <Control-Alt-KeyPress-C> -> Calculator
Bound <Control-Alt-S> -> Settings
Bound <Control-Alt-s> -> Settings
Bound <Control-Alt-KeyPress-S> -> Settings
Bound <Control-Alt-KeyPress-s> -> Settings
Bound <Control-Alt-w> -> Web Browser
Bound <Control-Alt-KeyPress-w> -> Web Browser
Bound <Control-Alt-W> -> Web Browser
Bound <Control-Alt-KeyPress-W> -> Web Browser
Bound <Control-Alt-KeyPress-k> -> Code Editor
Bound <Control-Alt-k> -> Code Editor
Bound <Control-Alt-KeyPress-K> -> Code Editor
Bound <Control-Alt-K> -> Code Editor
Bound <Control-Alt-KeyPress-0> -> ForzeOS Market
Bound <Control-Alt-0> -> ForzeOS Market

--- register_shortcuts called at 2026-09-15T00:27:25.445355 ---
{"File Manager": "Ctrl+Alt+F", "Notepad": "Ctrl+Alt+N", "Terminal": "Ctrl+Alt+T", "Calculator": "Ctrl+Alt+C", "Settings": "Ctrl+Alt+S", "Web Browser": "Ctrl+Alt+W", "Code Editor": "Ctrl+Alt+K", "ForzeOS Market": "Ctrl+Alt+0"}
Bound <Control-Alt-KeyPress-f> -> File Manager
Bound <Control-Alt-f> -> File Manager
Bound <Control-Alt-F> -> File Manager
Bound <Control-Alt-KeyPress-F> -> File Manager
Bound <Control-Alt-KeyPress-N> -> Notepad
Bound <Control-Alt-N> -> Notepad
Bound <Control-Alt-n> -> Notepad
Bound <Control-Alt-KeyPress-n> -> Notepad
Bound <Control-Alt-t> -> Terminal
Bound <Control-Alt-T> -> Terminal
Bound <Control-Alt-KeyPress-t> -> Terminal
Bound <Control-Alt-KeyPress-T> -> Terminal
Bound <Control-Alt-C> -> Calculator
Bound <Control-Alt-KeyPress-c> -> Calculator
Bound <Control-Alt-c> -> Calculator
Bound <Control-Alt-KeyPress-C> -> Calculator
Bound <Control-Alt-s> -> Settings
Bound <Control-Alt-KeyPress-s> -> Settings
Bound <Control-Alt-KeyPress-S> -> Settings
Bound <Control-Alt-S> -> Settings
Bound <Control-Alt-W> -> Web Browser
Bound <Control-Alt-KeyPress-w> -> Web Browser
Bound <Control-Alt-KeyPress-W> -> Web Browser
Bound <Control-Alt-w> -> Web Browser
Bound <Control-Alt-K> -> Code Editor
Bound <Control-Alt-k> -> Code Editor
Bound <Control-Alt-KeyPress-K> -> Code Editor
Bound <Control-Alt-KeyPress-k> -> Code Editor
Bound <Control-Alt-KeyPress-0> -> ForzeOS Market
Bound <Control-Alt-0> -> ForzeOS Market

--- register_shortcuts called at 2026-09-17T14:40:08.068274 ---
{"File Manager": "Ctrl+Alt+F", "Notepad": "Ctrl+Alt+N", "Terminal": "Ctrl+Alt+T", "Calculator": "Ctrl+Alt+C", "Settings": "Ctrl+Alt+S", "Web Browser": "Ctrl+Alt+W", "Code Editor": "Ctrl+Alt+K", "ForzeOS Market": "Ctrl+Alt+0"}
Bound <Control-Alt-KeyPress-f> -> File Manager
Bound <Control-Alt-KeyPress-F> -> File Manager
Bound <Control-Alt-F> -> File Manager
Bound <Control-Alt-f> -> File Manager
Bound <Control-Alt-KeyPress-N> -> Notepad
Bound <Control-Alt-N> -> Notepad
Bound <Control-Alt-KeyPress-n> -> Notepad
Bound <Control-Alt-n> -> Notepad
Bound <Control-Alt-t> -> Terminal
Bound <Control-Alt-T> -> Terminal
Bound <Control-Alt-KeyPress-t> -> Terminal
Bound <Control-Alt-KeyPress-T> -> Terminal
Bound <Control-Alt-KeyPress-c> -> Calculator
Bound <Control-Alt-c> -> Calculator
Bound <Control-Alt-C> -> Calculator
Bound <Control-Alt-KeyPress-C> -> Calculator
Bound <Control-Alt-KeyPress-S> -> Settings
Bound <Control-Alt-s> -> Settings
Bound <Control-Alt-KeyPress-s> -> Settings
Bound <Control-Alt-S> -> Settings
Bound <Control-Alt-W> -> Web Browser
Bound <Control-Alt-w> -> Web Browser
Bound <Control-Alt-KeyPress-w> -> Web Browser
Bound <Control-Alt-KeyPress-W> -> Web Browser
Bound <Control-Alt-KeyPress-K> -> Code Editor
Bound <Control-Alt-KeyPress-k> -> Code Editor
Bound <Control-Alt-k> -> Code Editor
Bound <Control-Alt-K> -> Code Editor
Bound <Control-Alt-KeyPress-0> -> ForzeOS Market
Bound <Control-Alt-0> -> ForzeOS Market

--- register_shortcuts called at 2026-09-17T14:46:39.806691 ---
{"File Manager": "Ctrl+Alt+F", "Notepad": "Ctrl+Alt+N", "Terminal": "Ctrl+Alt+T", "Calculator": "Ctrl+Alt+C", "Settings": "Ctrl+Alt+S", "Web Browser": "Ctrl+Alt+W", "Code Editor": "Ctrl+Alt+K", "ForzeOS Market": "Ctrl+Alt+0"}
Bound <Control-Alt-KeyPress-f> -> File Manager
Bound <Control-Alt-F> -> File Manager
Bound <Control-Alt-f> -> File Manager
Bound <Control-Alt-KeyPress-F> -> File Manager
Bound <Control-Alt-n> -> Notepad
Bound <Control-Alt-N> -> Notepad
Bound <Control-Alt-KeyPress-n> -> Notepad
Bound <Control-Alt-KeyPress-N> -> Notepad
Bound <Control-Alt-T> -> Terminal
Bound <Control-Alt-KeyPress-t> -> Terminal
Bound <Control-Alt-KeyPress-T> -> Terminal
Bound <Control-Alt-t> -> Terminal
Bound <Control-Alt-c> -> Calculator
Bound <Control-Alt-KeyPress-C> -> Calculator
Bound <Control-Alt-C> -> Calculator
Bound <Control-Alt-KeyPress-c> -> Calculator
Bound <Control-Alt-KeyPress-S> -> Settings
Bound <Control-Alt-s> -> Settings
Bound <Control-Alt-KeyPress-s> -> Settings
Bound <Control-Alt-S> -> Settings
Bound <Control-Alt-KeyPress-W> -> Web Browser
Bound <Control-Alt-KeyPress-w> -> Web Browser
Bound <Control-Alt-w> -> Web Browser
Bound <Control-Alt-W> -> Web Browser
Bound <Control-Alt-KeyPress-k> -> Code Editor
Bound <Control-Alt-k> -> Code Editor
Bound <Control-Alt-K> -> Code Editor
Bound <Control-Alt-KeyPress-K> -> Code Editor
Bound <Control-Alt-KeyPress-0> -> ForzeOS Market
Bound <Control-Alt-0> -> ForzeOS Market
